AULA INAUGURAL E AVULSO,,,,,,
NOME,,ANIVERSÁRIO,CELULAR,TIPO DE AULA,DATA,TURNO
THAISE DA SILVA FERREIRA,,,71986879388,INAUGURAL,2023-01-07,MANHÃ
CLEIDE SILVA DOS SANTOS,,,71991062895,INAUGURAL,2023-01-07,MANHÃ
CLEIO ÂNGELO PINHEIRO NASCIMENTO ,,,71986827067,INAUGURAL,2023-01-07,MANHÃ
DANIELE SOUZA,,,71983463877,INAUGURAL,2023-01-07,TARDE
NIVEA CELESTE LIMA ,,,71988731310,INAUGURAL,2023-01-07,TARDE
FABILÂNDIA OLIVEIRA,,,71988042331,INAUGURAL,2023-01-07,TARDE
YURI GABRIEL SILVA RODRIGUES,,,71993392482,INAUGURAL,2023-01-07,TARDE
MAX LAMERS,,,,INAUGURAL,2023-01-07,TARDE
PRIMO ALVES DE SOUZA,,2023-06-09,71999825922,INAUGURAL,2023-01-14,MANHÃ
GEORGE BRANDÃO SOUZA,,,71986871408,INAUGURAL,2023-01-14,MANHÃ
Ana Paula ,,,,AVULSO,2023-01-14,MANHÃ
TAILSON SOARES,,,71981711478,AVULSO,2023-01-14,MANHÃ
LARISSA GOUVEIA,,,71991950646,INAUGURAL,2023-01-14,TARDE
FLÁVIA LIMA,,,71987940622,INAUGURAL,2023-01-14,TARDE
MANUELA LIMA,,,71984310585,INAUGURAL,2023-01-14,TARDE
RAFAELA DOS ANJOS,,,71982061568,INAUGURAL,2023-01-14,TARDE
VICTOR ALMEIDA,,,71999377210,INAUGURAL,2023-01-21,MANHÃ
PIETRA,,,,AVULSO,2023-01-21,MANHÃ
GIL NERY,,,993501683,INAUGURAL,2023-01-21,MANHÃ
LIA FERNANDA ,,,71992254305,INAUGURAL,2023-01-21,MANHÃ
Ana Paula Costa,,,,AVULSO,2023-01-21,MANHÃ
MARIA EDUARDA MASCARENHAS ,,,992281659,INAUGURAL,2023-01-21,TARDE
SASHA FERREIRA ,,,983453180,INAUGURAL,2023-01-21,TARDE
GABRIEL DOS ANJOS,,,986481292,INAUGURAL,2023-01-21,TARDE
EDMUNDO SANTANA JUNIOR ,,,991258330,INAUGURAL,2023-01-28,MANHÃ
PIETRA,,,,AVULSO,2023-01-28,MANHÃ
CAROLINA REIS,,,32984535901,INAUGURAL,2023-01-28,TARDE
LUCIANA,,,,AVULSO,2023-01-28,TARDE
MARIANA,,,,AVULSO,2023-02-02,MANHÃ
DANIEL DE JESUS,,,75999046116,INAUGURAL,2023-02-04,MANHÃ
MARTA MACÊDO,,,999330234,INAUGURAL,2023-02-04,MANHÃ
PEDRO EMANUEL OLIVEIRA DOS SANTOS ,,,75981520699,INAUGURAL,2023-02-04,MANHÃ
MATHEUS,,,,AVULSO,2023-02-04,MANHÃ
PAULO HENRIQUE DE JESUS SANTOS ,,,993801284,INAUGURAL,2023-02-04,TARDE
ORLANDI SOARES DE SOUZA,,,987034300,INAUGURAL,2023-02-25,MANHÃ
JOSEMARA SOARES DE SOUZA,,,982902939,INAUGURAL,2023-02-25,MANHÃ
PAULO VINÍCIUS DOS SANTOS:,,,984608652,INAUGURAL,2023-02-25,MANHÃ
ANA LUIZA CAVALCANTE ,,,991026772,INAUGURAL,2023-02-25,TARDE
TAMILIS SOUZA,,,999571410,INAUGURAL,2023-02-25,TARDE
LEONARDO BARROS  COSTA,,,,INAUGURAL,2023-03-04,MANHÃ
DENISE MARIA SANTANA ,,,983202349,INAUGURAL,2023-03-04,MANHÃ
LARISSA OHANA,,,99211125018,INAUGURAL,2023-03-04,MANHÃ
JAQUELINE SALES,,,9862088,INAUGURAL,2023-03-04,MANHÃ
MARINA SOUZA,,,988065750,INAUGURAL,2023-03-04,MANHÃ
LEONARDO FIAES,,,988326607,INAUGURAL,2023-03-04,MANHÃ
CHARLENE COSTA BLIETGEN,,,11933254241,INAUGURAL,2023-03-04,MANHÃ
RODRIGO MOURA DE SOUZA,,,992827668,INAUGURAL,2023-03-04,TARDE
EGMARA SALES,,,986584231,INAUGURAL,2023-03-04,TARDE
WINNIE MALI,,,986193437,INAUGURAL,2023-03-04,TARDE
FELIPE BORGES,,,31994007853,INAUGURAL,2023-03-04,TARDE
JAQUELINE DOS SANTOS,,,93249522,INAUGURAL,2023-03-11,MANHÃ
NAIARA MIRANDA,,,71987329241,INAUGURAL,2023-03-11,MANHÃ
ANDERSON SILVA,,,981584554,INAUGURAL,2023-03-11,MANHÃ
ROBSON DE JESUS SANTOS,,,,INAUGURAL,2023-03-11,MANHÃ
PIETRA ,,,,AVULSO,2023-03-11,MANHÃ
ISABELA BITTENCOURT ,,,981514396,INAUGURAL,2023-03-11,MANHÃ
CAIO SANTIAGO ,,,987451222,INAUGURAL,2023-03-11,MANHÃ
TAÍS MOTA,,,987331730,INAUGURAL,2023-03-11,TARDE
ADRIELE BATISTA ,,,77991561191,INAUGURAL,2023-03-18,MANHÃ
VERENA VIEIRA,,,992366474,INAUGURAL,2023-03-18,MANHÃ
FRANCISCO SALES,,,999310365,INAUGURAL,2023-03-18,MANHÃ
IVANA FIGUEIREDO ,,,71987037192,INAUGURAL,2023-03-18,MANHÃ
ADILMA LIMA ,,,988406492,INAUGURAL,2023-03-18,MANHÃ
CLAUDIO DOS SANTOS MATOS,,,986062044,INAUGURAL,2023-03-18,MANHÃ
PIETRA,,,,AVULSO,2023-03-18,MANHÃ
ÂNGELA MOTA GESTEIRA,,,92662559,INAUGURAL,2023-03-18,TARDE
ANA CRISTINA SENA DE SANTANA ,,,992726273,INAUGURAL,2023-03-18,TARDE
LAISE TORRES ,,,82176905,INAUGURAL,2023-03-18,TARDE
VIVIANE SANTOS DE OLIVEIRA ,,,987825650,INAUGURAL,2023-03-18,TARDE
ALANE DE OLIVEIRA CORREIA,,,988740041,INAUGURAL,2023-03-18,TARDE
SAULO SANTOS DE OLIVEIRA ,,,991943269,INAUGURAL,2023-03-18,TARDE
RONALD FERREIRA VASCONCELOS ,,,987983035,INAUGURAL,2023-03-18,TARDE
MAYSA JACQUELINE ANDRADE VIEIRA ,,,991873381,INAUGURAL,2023-03-18,TARDE
JOSIMARR FRAGOSO ,,,992562821,INAUGURAL,2023-03-18,TARDE
IURI PORTUGAL,,,92108350,INAUGURAL,2023-03-25,MANHÃ
HERNAN SALES BARREIRO,,,991151934,INAUGURAL,2023-03-25,MANHÃ
ANA CAROLYNE BARROS,,,992651943,INAUGURAL,2023-03-25,MANHÃ
FLÁVIA CALASANS ,,,987627530,INAUGURAL,2023-03-25,TARDE
KERSTIN SCHUSTER,,,4917630489079,INAUGURAL,2023-03-25,TARDE
PABLO TORRUBIANO,,,5491124558306,INAUGURAL,2023-03-25,TARDE
WILSON LUCAS,,,71991278546,INAUGURAL,2023-03-25,TARDE
ALAN BENTO MOREIRA SANTANA ,,,994020455,INAUGURAL,2023-04-01,MANHÃ
ALINE MOREIRA SANTANA ,,,992896272,INAUGURAL,2023-04-01,MANHÃ
ANANDA MOREIRA SANTANA ,,,992964541,INAUGURAL,2023-04-01,MANHÃ
CRISPIN SANTANA,,,92500827,INAUGURAL,2023-04-01,MANHÃ
CAROLINE MERCÊS,,,983823623,INAUGURAL,2023-04-01,MANHÃ
TALES ANDRADE,,,988929181,INAUGURAL,2023-04-01,MANHÃ
CLEIA REIS ,,,991538593,INAUGURAL,2023-04-01,MANHÃ
MAYA SILVA,,,74999861125,INAUGURAL,2023-04-01,MANHÃ
TASSIA PERET,,,992539896,INAUGURAL,2023-04-01,MANHÃ
CLAUDIO MELGAÇO ,,,87142558,INAUGURAL,2023-04-01,MANHÃ
ANJA VEIRMAN,,,711996552989,INAUGURAL,2023-04-01,TARDE
ALISSON SILVA,,,71987779200,INAUGURAL,2023-04-01,TARDE
MARILENE ARAUJO,,,987339566,INAUGURAL,2023-04-01,TARDE
DÉBORA HELLEN,,2023-09-13,,INAUGURAL,2023-04-08,MANHÃ
JOSÉ BRUNO LIMA SANTANA ,,,991953136,INAUGURAL,2023-04-08,MANHÃ
PIETRA,,,,AVULSO,2023-04-08,MANHÃ
ADRIANA,,,,INAUGURAL,2023-04-08,MANHÃ
IZA MARI SILVA BONFIM,,,73999876628,INAUGURAL,2023-04-08,MANHÃ
RENATA LIMA,,,71993898193,INAUGURAL,2023-04-15,MANHÃ
PEDRO DE OLIVEIRA DUAERE,,,71992307900,INAUGURAL,2023-04-15,MANHÃ
FERNANDA SILVA,,,71984156304,INAUGURAL,2023-04-15,MANHÃ
DANIEL BELA SANTOS,,,71993167818,INAUGURAL,2023-04-15,MANHÃ
ANTÔNIO RUY ,,,71991484030,INAUGURAL,2023-04-15,MANHÃ
PIETRA ,,,,AVULSO,2023-04-15,MANHÃ
,,,996537749,INAUGURAL,2023-04-15,MANHÃ
GERALDO DA SILVA LOPES,,,991404444,INAUGURAL,2023-04-15,TARDE
IRINEU BISPO DE JESUS NETO,,,988869611,INAUGURAL,2023-04-15,TARDE
,,,,AVULSO,2023-04-15,TARDE
SAMANTA DE OLIVEIRA PAMPONET,,,991446927,INAUGURAL,2023-04-15,TARDE
EDUARDO CUNHA DE BRITO,,,96252651,INAUGURAL,2023-04-22,MANHÃ
LUCAS MAGNO RAMOS SOUZA,,,999598787,INAUGURAL,2023-04-22,MANHÃ
ERIVELTON CERQUEIRA DE JESUS,,,991963455,INAUGURAL,2023-04-22,MANHÃ
ODINEI JOBAR ALMEIDA SILVA,,,,INAUGURAL,2023-04-22,MANHÃ
ADRIANA RIBEIRO OLIVEIRA ,,,992887617,INAUGURAL,2023-04-22,MANHÃ
CHARMILA SOUZA D'SOARES,,,996645626,INAUGURAL,2023-04-22,MANHÃ
SHAYANNE CHANTALL ROCHA,,,991080184,INAUGURAL,2023-04-22,MANHÃ
JANINE BRITO,,,7391931369,INAUGURAL,2023-04-22,TARDE
CÁSSIA APARECIDA BISPO NEVES,,,986819295,INAUGURAL,2023-04-22,TARDE
ANA CAROLINA CORREIA SANTOS,,,94049047,INAUGURAL,2023-04-29,MANHÃ
MARCELE MATOS GAGLIANO,,,991435943,INAUGURAL,2023-04-29,MANHÃ
IGOR SANTOS COUTINHO ,,,988229289,INAUGURAL,2023-04-29,MANHÃ
ALEXANDRE SOUSA PINHO E SOUZA,,,986934989,INAUGURAL,2023-04-29,MANHÃ
VANESSA COELHO,,,91062527,INAUGURAL,2023-04-29,MANHÃ
CLEILSON SANTOS CARVALHO ,,,991117000,INAUGURAL,2023-04-29,MANHÃ
RAQUEL LACERDA DE ALMEIDA ,,,77998396458,INAUGURAL,2023-04-29,MANHÃ
JACIANE PEDREIRA XAVIER,,,997094304,INAUGURAL,2023-04-29,MANHÃ
EDINEI FERREIRA DOS SANTOS,,,981137888,INAUGURAL,2023-04-29,TARDE
AMANDA LUCIA ,,,992592444,INAUGURAL,2023-05-06,MANHÃ
MATHEUS RODRIGUES,,,984348747,INAUGURAL,2023-05-06,MANHÃ
JAQUELINE ALMEIDA ,,,987568380,INAUGURAL,2023-05-06,MANHÃ
AMANDA BRASIL,,,992107978,INAUGURAL,2023-05-06,MANHÃ
LARISSA CASAES ,,,,INAUGURAL,2023-05-06,MANHÃ
JULIANA NEVES ,,,987447611,INAUGURAL,2023-05-06,MANHÃ
VITOR MOREIRA ,,,999940941,INAUGURAL,2023-05-06,MANHÃ
ANDREIA TOMER ,,,992096122,INAUGURAL,2023-05-06,MANHÃ
GABRIELA BARRETO ,,,993391949,INAUGURAL,2023-05-06,TARDE
NATALE LEAL,,,996885999,INAUGURAL,2023-05-06,TARDE
LUCIANA DE SOUZA RODRIGUES ,,,73991349114,INAUGURAL,2023-05-06,TARDE
GABRIEL RODRIGUES ARMENTANO,,,73991058850,INAUGURAL,2023-05-06,TARDE
MARIA FLÁVIA CERQUEIRA DE SOUZA ,,,73988176616,INAUGURAL,2023-05-06,TARDE
CAMILA DARK DIAS LEITE ,,,75992517618,INAUGURAL,2023-05-06,TARDE
MARCOS SE ALMEIDA AMORIM ,,,61982440850,INAUGURAL,2023-05-06,TARDE
JOSÉ AUGUSTO MIRANDA ARAÚJO ,,,993573436,INAUGURAL,2023-05-06,TARDE
JOÃO FELIPE DUARTE OLIVEIRA ,,,9922283696,INAUGURAL,2023-05-13,MANHÃ
GERALDO ,,,,AVULSO,2023-05-13,MANHÃ
ALANA CARVALHO NASCIMENTO ,,,88942623,INAUGURAL,2023-05-13,TARDE
CLAUDIA MARTINS DE SANTANA ,,,9876715542,INAUGURAL,2023-05-13,TARDE
CLAUDIA DE SOUZA BARBOSA ,,,988404419,INAUGURAL,2023-05-13,TARDE
LILIANE DE JESUS SEBABELHE,,,987139928,INAUGURAL,2023-05-13,TARDE
ISABELA PINNO,,,983839581,INAUGURAL,2023-05-13,TARDE
FABIANA DA SILVA NERI,,,981538928,INAUGURAL,2023-05-20,MANHÃ
LUCAS ARNALDO ALVES ,,,992679359,INAUGURAL,2023-05-20,MANHÃ
GABRIEL ARNALDO ALVES ,,,91536222,INAUGURAL,2023-05-20,MANHÃ
IURI FALCÃO XAVIER MOTA,,,988009931,INAUGURAL,2023-05-20,MANHÃ
THAIS ORNELAS NASCIMENTO ,,,73991946979,INAUGURAL,2023-05-20,MANHÃ
JULIANA FERES BICUDO,,,74999330821,INAUGURAL,2023-05-20,MANHÃ
LEANDRO SOUZA DOS SANTOS ,,,992639879,INAUGURAL,2023-05-20,MANHÃ
LUANA PEREIRA ,,,,AVULSO,2023-05-20,MANHÃ
ROMILDO JOSÉ DE LIMA JUNIOR ,,,987820232,INAUGURAL,2023-05-20,TARDE
SHEILANE DE OLIVEIRA SANTOS ,,,31993327560,INAUGURAL,2023-05-20,TARDE
NATÁLIA SANTOS MATOS OLIVEIRA ,,,999287007,INAUGURAL,2023-05-27,MANHÃ
BRUNA DIAS RAMOS,,,73988482747,INAUGURAL,2023-05-27,MANHÃ
JOAB MAGALHÃES COSTA COELHO ,,,991730091,INAUGURAL,2023-05-27,MANHÃ
SILVIA CONCEIÇÃO DOS SANTOS ,,,991262735,INAUGURAL,2023-05-27,MANHÃ
ARYS SANTOS BITENCOURT ,,,679988829112,INAUGURAL,2023-05-27,MANHÃ
JAQUELINE CRISTINA DOS REIS JESUS,,,987181510,INAUGURAL,2023-05-27,TARDE
MURILO CALDAS PEREIRA DE QUEIROZ ,,,92337216,INAUGURAL,2023-06-03,MANHÃ
CRISTIANE GERALDA SANTOS SOARES,,,986051903,INAUGURAL,2023-06-03,MANHÃ
RITA CÁSSIA SANTANA ,,,988583312,INAUGURAL,2023-06-03,MANHÃ
LUIS ANTÔNIO OLIVEIRA BASTOS,,,993792479,INAUGURAL,2023-06-03,TARDE
DAVI SANTANA ARAÚJO ,,,992740439,INAUGURAL,2023-06-03,TARDE
LIVIA CHAVES MARCOlIN,,,999825577,INAUGURAL,2023-06-03,TARDE
FERNANDA RIBEIRO LEMOS,,,37991164607,INAUGURAL,2023-06-03,TARDE
MARCO ANTÔNIO FIGUEIREDO,,,991243069,INAUGURAL,2023-06-10,MANHÃ
LUCIENE LOMES TANAN,,,7591692565,INAUGURAL,2023-06-10,MANHÃ
RENATA TANAN,,,984377015,INAUGURAL,2023-06-10,MANHÃ
EDJANE NASCIMENTO OLIVEIRA ,,,982599567,INAUGURAL,2023-06-10,MANHÃ
DIEGO DOS SANTOS RODRIGUES ,,,981885970,INAUGURAL,2023-06-10,MANHÃ
LOUISE CRUZ LAGO,,,991244424,INAUGURAL,2023-06-10,MANHÃ
MILENA GIL MAIA,,,994188212,INAUGURAL,2023-06-10,MANHÃ
HEBERT SANTANA ROCHA,,,993488413,INAUGURAL,2023-06-10,MANHÃ
SUZY DANIELA MIRANDA OLIVEIRA ,,,77991159726,INAUGURAL,2023-06-10,MANHÃ
NATÁLIA ,,,,AVULSO,2023-06-10,MANHÃ
FERNANDO ANTÔNIO DE JESUS FIGUEIREDO ,,,993102228,INAUGURAL,2023-06-10,MANHÃ
ANA CAROLINA CLAUDIO DE SOUZA ,,,987920213,INAUGURAL,2023-06-10,MANHÃ
SIRLENE MARTINS LACERDA LOPES,,,993106000,INAUGURAL,2023-06-10,MANHÃ
ALANA MOREIRA BISPO ,,,993320571,INAUGURAL,2023-06-17,MANHÃ
VANESSA DA SILVA SANTOS ,,,75998017470,INAUGURAL,2023-06-17,MANHÃ
CAUÃ MENEZES DA SILVA SANTOS ,,,7599735075,INAUGURAL,2023-06-17,MANHÃ
ANILTON OLIVEIRA NUNES ,,,981755186,INAUGURAL,2023-06-17,MANHÃ
ALICIA SANTOS SOARES ,,,988122124,INAUGURAL,2023-06-17,MANHÃ
RAFAEL ANGELO DE SOUZA CARNEIRO ,,,991074896,INAUGURAL,2023-06-17,MANHÃ
VANESSA PEREIRA JUNQUEIRA ,,,992021195,INAUGURAL,2023-06-17,MANHÃ
NATÁLIA ,,,,AVULSO,2023-06-17,MANHÃ
NELSON ALVES DE MENEZES ,,,85213675,INAUGURAL,2023-06-17,TARDE
RAFAELA,,,,AVULSO,2023-06-17,TARDE
NADILA,,,,AVULSO,2023-06-17,TARDE
Meire,,,,AVULSO,2023-06-17,TARDE
PATRICIA CAMILA TRAJANO DOS REIS,,,987444006,INAUGURAL,2023-07-01,MANHÃ
JULIANE SHIRLEY RAMOS FORTUNA,,,988549387,INAUGURAL,2023-07-01,MANHÃ
MOANA TOUREIRO ROCHA,,,75981012596,INAUGURAL,2023-07-01,MANHÃ
Pietra,,,,AVULSO,2023-07-01,MANHÃ
DENILSON MIRANDA CORDEIRO,,,997049471,INAUGURAL,2023-07-01,MANHÃ
NATÁLIA,,,,AVULSO,2023-07-08,MANHÃ
PRISCILA DE OLIVEIRA FONSECA,,,988239449,INAUGURAL,2023-07-08,MANHÃ
LAISE SANTOS DE OLIVEIRA ,,,986029838,INAUGURAL,2023-07-08,MANHÃ
José Barbosa ,,,,AVULSO,2023-07-08,MANHÃ
MAIARA SANTOS DE SOUZA CARVALHO ,,,991157873,INAUGURAL,2023-07-15,MANHÃ
LAIS OLIVEIRA FERREIRA ,,,983918302,INAUGURAL,2023-07-15,MANHÃ
JADSON LOPES RIBEIRO ,,,992948438,INAUGURAL,2023-07-15,MANHÃ
EVERTON BISPO DOS SANTOS,,,982721318,INAUGURAL,2023-04-15,MANHÃ
AILTON COTRIM PRATES,,,996540917,INAUGURAL,2023-07-15,MANHÃ
NATÁLIA ,,,,AVULSO,2023-07-15,MANHÃ
OLIVIA SORAIA BARBOSA DOS SANTOS,,,991094685,INAUGURAL,2023-07-15,TARDE
Silvana Laranjeira ,,,82592132,INAUGURAL,,
Luma Borges ,,,,INAUGURAL,,
Gustavo Lima ,,,,INAUGURAL,,
Regiane Menezes ,,,,INAUGURAL,,
Nanci dos Santos ,,,,,,
RODRIGO RAMOS DE OLIVEIRA ,,,996219506,INAUGURAL,2023-07-29,TARDE
BRENDA SANTOS MONTEIRO,,,983037112,INAUGURAL,2023-08-05,MANHÃ
ANA PAULA,,,,AVULSO,2023-08-05,MANHÃ
DANILO SOUZA SANTOS,,,988884457,INAUGURAL,2023-08-05,TARDE
CARMENLUCIA REIS DOS SANTOS,,,1159223215,INAUGURAL,2023-08-12,MANHÃ
GRAZIELE JAMILE CARRASCOSA PEREIRA ,,,993186100,INAUGURAL,2023-08-12,MANHÃ
ANA RITA OLIVEIRA BRITTES GUIMARÃES .,,,88351128,INAUGURAL,2023-08-12,MANHÃ
STEPHANIE DE OLIVEIRA FONSECA ,,,986988964,INAUGURAL,2023-08-12,MANHÃ
FÁTIMA REGINA UCHOA BATISTA SILVA ,,,986874375,INAUGURAL,2023-08-12,MANHÃ
ROSEMEIRE DE OLIVEIRA FONSECA ,,,87904370,INAUGURAL,2023-08-12,MANHÃ
RAFAEL COSTA BRITO FARIAS ,,,991499175,INAUGURAL,2023-08-12,MANHÃ
SILVIA MARIA DOS SANTOS,,,987517894,INAUGURAL,2023-08-12,MANHÃ
JOELMA PAIXÃO DE SOUZA ,,,986248973,INAUGURAL,2023-08-12,MANHÃ
DANIEL SILVA DE AMORIM FERRAZ,,,991152695,INAUGURAL,2023-08-12,MANHÃ
NEIZIANE DOS SANTOS SILVA,,,77981063954,INAUGURAL,2023-08-12,TARDE
CAROLINA NUNES FERREIRA ,,,997106829,INAUGURAL,2023-08-12,TARDE
ALANA SILVA SANTANA DE JESUS ,,,981892040,INAUGURAL,2023-08-12,TARDE
MATHEUS CÉSAR PROVIM,,,996088002,INAUGURAL,2023-08-19,TARDE
THIAGO BARBOSA DOS SANTOS SANTIAGO .,,,991036515,INAUGURAL,2023-08-19,TARDE
JAQUELINE NERES SANTOS,,,992936831,INAUGURAL,2023-08-19,TARDE
TIAGO ALVES DA SILVA ,,,987952995,INAUGURAL,2023-08-19,TARDE
VANINHA VIEIRA DOS SANTOS ,,,71986295355,INAUGURAL,2023-08-26,
ELIANA FERREIRA NASCIMENTO ,,,71987215158,INAUGURAL,2023-08-26,
MANUELA LIMA,,,,AVULSO,2023-08-26,
VANIA ARAÚJO LIMA,,,982277083,INAUGURAL,2023-09-02,MANHÃ
RODRIGO MOTA DE OLIVEIRA ,,,981955169,INAUGURAL,2023-09-02,MANHÃ
VITÓRIA BRUNA CARRASCOSA DOS SANTOS PEREIRA ,,,82999800302,INAUGURAL,2023-09-02,MANHÃ
IANA MACEDO SANTOS MACHADO ,,,75999057453,INAUGURAL,2023-09-02,MANHÃ
JEFERSON MENDES OLIVEIRA DA SILVA ,,,991846965,INAUGURAL,2023-09-02,MANHÃ
CRISTIANE DE SOUZA ALMEIDA ,,,988397264,INAUGURAL,2023-09-02,MANHÃ
ELIOLGA SOUZA SANTOS,,,992988292,INAUGURAL,2023-09-02,TARDE
JURACI PEREIRA MAGALHÃES ,,,981689890,INAUGURAL,2023-09-02,TARDE
THAINY DE JESUS SODRÉ DOS SANTOS ,,,991843258,INAUGURAL,2023-09-02,TARDE
LUCAS SOARES DE CARVALHO ,,,61982425139,INAUGURAL,2023-09-02,TARDE
LUCAS SOUZA PRATES,,,920005184,INAUGURAL,2023-09-02,TARDE
FERNANDA LIMA LEÃO ,,,991145688,INAUGURAL,2023-09-02,TARDE
ANE CAROLINE CASAES,,,991617270,INAUGURAL,2023-09-02,TARDE
TAIANA TARANTINO,,,,AVULSO,2023-09-08,
TELMA NERY DOS SANTOS ,,,91144981,INAUGURAL,2023-09-09,MANHÃ
CAIO RODRIGO DANTAS SANTANA ,,,993261588,INAUGURAL,2023-09-09,MANHÃ
THIALLA DOS SANTOS REZENDE DE BARROS ,,,981395932,INAUGURAL,2023-09-09,TARDE
ENILDA VIDAL DO NASCIMENTO ,,,88904094,INAUGURAL,2023-09-09,TARDE
MARISTELA MACIEL DA SILVA,,,92371977,INAUGURAL,2023-09-09,TARDE
DIOGO PEREIRA BAIA ,,,993495515,INAUGURAL,2023-09-09,TARDE
URLETE FREITAS SEVERO,,,86026028,INAUGURAL,2023-09-09,TARDE
PALOMA PEREIRA OLI,,,982091915,INAUGURAL,2023-09-09,TARDE
TALINE QUEILA QUIROZ BATISTA ,,,993880715,INAUGURAL,2023-09-09,TARDE
LUCAS CALDAS,,,,AVULSO,2023-09-09,TARDE
RENAN SANTANA SANTOS,,,986383884,INAUGURAL,2023-09-16,MANHÃ
PAULA COTRIM AMOEDO,,,988418023,INAUGURAL,2023-09-16,MANHÃ
DENISON LUIS ALMEIDA,,,991480768,INAUGURAL,2023-09-16,MANHÃ
JULIANA CONCEIÇÃO DAS VIRGENS CARVA,,,99062060,INAUGURAL,2023-09-16,MANHÃ
JOÃO PEDRO CÉ,,,51981259809,INAUGURAL,2023-09-16,MANHÃ
Jailson SOARES DA SILVA,,,75988002530,INAUGURAL,2023-09-16,MANHÃ
JAQUELINE GOES DE JESUS,,,993538280,INAUGURAL,2023-09-16,MANHÃ
MARIA DE LOURDES CONCEIÇÃO DOS SANTOS ,,,11958462747,INAUGURAL,2023-09-16,TARDE
JEAN SANTIAGO CUSTODIO DA SILVA,,,982129061,INAUGURAL,2023-09-16,TARDE
LUIZ DE JESUS SOARES,,,88713310,INAUGURAL,2023-09-16,TARDE
ANDRÉ SILVA,,,94148172,INAUGURAL,2023-09-23,MANHÃ
FERNANDO NASCIMENTO BARBOSA FILHO ,,,999746034,INAUGURAL,2023-09-23,MANHÃ
PEDRO GILBERTO PIRES DE ARAGÃO NETO,,,77988443750,INAUGURAL,2023-09-23,MANHÃ
NÁDIA PINHEIRO COELHO ,,,86521850,INAUGURAL,2023-09-23,MANHÃ
ESTELA SANTOS VIANA ,,,982311594,INAUGURAL,2023-09-23,TARDE
LUCIANO QUEIROZ,,,81228536,INAUGURAL,2023-09-23,TARDE
MARIA DA CONCEIÇÃO SILVA,,,9922681041,INAUGURAL,2023-09-23,TARDE
FERNANDO ,,,,AVULSO,,
MADSON LEANDRO FERNANDES SACRAMENTO ,,,981420532,INAUGURAL,2023-09-30,MANHÃ
MARIA CAROLINA DIAS DA SILVA ,,,987090666,INAUGURAL,2023-09-30,MANHÃ
JERUSA RODRIGUES PEREIRA ,,,11981484953,INAUGURAL,2023-09-30,MANHÃ
MATHEUS OLIVEIRA SANTOS SOUZA ,,,986627587,INAUGURAL,2023-09-30,MANHÃ
Juraci ,,,,AVULSO,2023-09-30,
ROSENILDO DA CONCEIÇÃO OLIVEIRA ,,,81048666,INAUGURAL,2023-09-30,TARDE
NORMA FERRAZ SILVA,,,81709291,INAUGURAL,2023-10-07,MANHÃ
RENAN,,,,AVULSO,,MANHÃ
MARIANA GONÇALVES ROLIANO,,,51997437131,INAUGURAL,2023-10-07,MANHÃ
MARIA LUISA FERREIRA CROSARA,,,34992917400,INAUGURAL,2023-10-07,MANHÃ
SONIA MARIA DE OLIVEIRA SANTOS ,,,87024557,INAUGURAL,2023-10-07,TARDE
LUCIANA MARIA SILVA DA CRUZ,,,992256273,INAUGURAL,2023-10-07,TARDE
RAFAELA PINHEIRO MUNIZ FERREIRA ,,,992420170,INAUGURAL,2023-10-14,MANHÃ
FERNANDA DATTOLI BASTOS VALENTE,,,987703841,INAUGURAL,2023-10-14,MANHÃ
GUILHERME BANDEIRA SPOLINOLA,,,999000733,INAUGURAL,2023-10-14,MANHÃ
FERNANDO COELHO SILVA,,,81356560,INAUGURAL,2023-10-14,MANHÃ
RENAN,,,,AVULSO,,MANHÃ
ANA PAULA URBANO,,,991786521,INAUGURAL,2023-10-14,MANHÃ
GUALBERTO RODRIGUES ,,,992683918,INAUGURAL,2023-10-14,TARDE
FERNANDA DAMASCENO DE JESUS,,,73988304870,INAUGURAL,2023-10-14,TARDE
JÉSSICA FERREIRA BASTOS,,,73999477662,INAUGURAL,2023-10-14,TARDE
MATEUS,,,,AVULSO,,
LUANA SANTOS BONFIM,,,991761830,INAUGURAL,2023-10-21,MANHÃ
PIETRA,,,,AVULSO,,
MARIANA CAMPOS,,,11994712384,INAUGURAL,2023-10-28,MANHÃ
PRISCILA SILVA SALES,,,988945079,INAUGURAL,2023-10-28,MANHÃ
FABÍOLA ALVES DE CASTRO,,,84994281313,INAUGURAL,2023-10-28,MANHÃ
FERNANDO ,,,,AVULSO,,
CAROLINA DE OLIVEIRA SANTOS,,,993731845,INAUGURAL,2023-10-28,MANHÃ
MARIANA DANUZA CORTEZO,,,51982402185,INAUGURAL,2023-10-28,MANHÃ
FERNANDO ,,,,AVULSO,,
MARILINDA GUERREIRO SANTOS,,,992445512,INAUGURAL,2023-10-28,MANHÃ
EMILLY GABRIELE SILVA SOARES,,,993039458,INAUGURAL,2023-11-04,MANHÃ
FABIOLA,,,,AVULSO,,
JULIA CASTRO DE CARVALHO FREITAS,,,999592283,INAUGURAL,2023-11-04,MANHÃ
BRENDA NERY SANTANA,,,983982125,INAUGURAL,2023-11-04,MANHÃ
ANTÔNIO  MUNIZ,,,999291228,INAUGURAL,2023-11-04,TARDE
TAISE MACHADO CARVALHO ,,,987442424,INAUGURAL,2023-11-04,TARDE
EMERSON ARAÚJO DOS SANTOS,,,991827807,INAUGURAL,2023-11-04,TARDE
CLAUDIO ROBERTO SANTOS REIS ,,,996259998,INAUGURAL,2023-11-11,MANHÃ
TAIS REGINA SILVA DOS SANTOS,,,75982868476,INAUGURAL,2023-11-11,MANHÃ
JULIANA BOTELHO HUFF ,,,993129244,INAUGURAL,2023-11-11,MANHÃ
RENAN,,,,AVULSO,,
SERGIO DOS SANTOS RIBEIRO ,,,992844389,INAUGURAL,2023-11-11,MANHÃ
LIVIA MARIA PINTO CERQUEIRA ,,,992916879,INAUGURAL,2023-11-11,TARDE
OLGA SILVA,,,988787783,INAUGURAL,2023-11-18,MANHÃ
GABRIELLA DOS SANTOS COREIA,,,991466066,INAUGURAL,2023-11-18,TARDE
JÉSSICA BRANDÃO LEANDRO,,,999556297,INAUGURAL,2023-11-18,TARDE
IVAN DE ARAÚJO OLIVEIRA ,,,992854268,INAUGURAL,2023-11-18,TARDE
CLARISSA RIBEIRO ROCHA DE MAGALHÃES ,,,75981029198,INAUGURAL,2023-11-25,MANHÃ
JULIA,,,,AVULSO,,
ANGELA,,,,AVULSO,,
MARIA DE LOURDES NUNES BRITO,,,982665844,INAUGURAL,2023-12-02,MANHÃ
TARSO LUCAS SARMENTO DE OLIVEIRA ,,,991691800,INAUGURAL,2023-12-02,MANHÃ
JANAINA DIAS SANTANA ,,,986283609,,2023-12-02,MANHÃ
JAQUELINE ,,,,AVULSO,,
PABLO DE JESUS LUTS,,,,INAUGURAL,2023-12-09,MANHÃ
VICTORIA EMANUELLY ALBUQUERQUE ,,,991528097,INAUGURAL,2023-12-09,MANHÃ
RAMON MAIA GOMES,,,999129230,INAUGURAL,2023-12-09,MANHÃ
LIVIA MARIA ALVES DE OLIVEIRA ,,,987784509,INAUGURAL,2023-12-09,MANHÃ
JULIA,,,,AVULSO,,
ANA CAROLINE SANTOS RIBEIRO ,,,91368483,INAUGURAL,2023-12-09,MANHÃ
ELSIO OLIVEIRA DOS SANTOS ,,,982638149,INAUGURAL,2023-12-09,MANHÃ
MADISON,,,,AVULSO,,
MARLI,,,,AVULSO,,
MARLI,,,,AVULSO,,
JULIA,,,,AVULSO,,
ANA CAROLINA,,,,AVULSO,,
ANA CARLA ,,,999578291,INAUGURAL,2023-12-16,MANHÃ
ANA MARTA,,,,INAUGURAL,2023-12-16,MANHÃ
GABRIEL NERE,,,,INAUGURAL,2023-12-16,MANHÃ
LUCIANA,,,,AVULSO,,
FERNANDO,,,,AVULSO,,
FERNANDO ,,,,AVULSO,,
FRANCISCO ,,,,AVULSO,,
FRANCISCO ,,,,AVULSO,,
VINICIUS ,,,,AVULSO,,
MURILO,,,,AVULSO,,
PEDRO ,,,,AVULSO,,
AULA INAUGURAL E AVULSO,,,,,,
NOME,,ANIVERSÁRIO,CELULAR,TIPO DE AULA,DATA,TURNO
MAGDA SEIXAS,,,991842808,INAUGURAL,2026-01-17,MANHÃ
JEAN PAULO BARRETO FONSECA,,,991475115,INAUGURAL,2026-01-17,MANHÃ
JASMIN SANTOS,,,,INAUGURAL,2026-01-17,MANHÃ
MARA GOUVEIA ,,,71988741714,INAUGURAL,2026-01-17,MANHÃ
JOAS CRUZ ,,,71996362501,INAUGURAL,2026-01-17,MANHÃ
LUCAS PEIXINHO ,,,75997098640,INAUGURAL,2026-01-17,MANHÃ
LUCAS LOPES LIMA,,,92075186,INAUGURAL,2026-01-17,MANHÃ
ERICA OLIVEIRA ,,,96156701,INAUGURAL,2026-01-17,MANHÃ
MARIA ELISA LEMOS,,,999646219,INAUGURAL,2026-01-17,MANHÃ
TATIANA SANTOS DE LIMA,,,993651070,INAUGURAL,2026-01-17,TARDE
GEORGE LUIS ETINGTON GRACIAS,,,71992686282,INAUGURAL,2026-01-17,TARDE
JANA LLOWOVA,,,420605191565,INAUGURAL,2026-01-17,TARDE
MARIA EDUARDA BAHIA OLIVEIRA DE CARVALHO NUNES,,,993846793,INAUGURAL,2026-01-24,MANHÃ
AKIM DA FONSECA ALVAREZ,,,986566475,INAUGURAL,2026-01-24,MANHÃ
PAULA DE FÁTIMA DIAS,,,11984468333,INAUGURAL,2026-01-24,MANHÃ
SAMUEL ,,,,AVULSO,,
KELLY,,,,AVULSO,,
JASMINE ROSA SANTIAGO ,,,993087212,INAUGURAL,2026-01-24,TARDE
ROBERTA DOURINHO GUIMARÃES ,,,,INAUGURAL,2026-01-24,TARDE
TIAGO SANTOS NOVO,,,992448763,INAUGURAL,2026-01-24,TARDE
GRACE,,,,AVULSO,,
GRACE,,,,AVULSO,,
MARIA JOSÉ BAHIA PEREIRA DE OLIVEIRA ,,,987177871,INAUGURAL,2026-01-31,MANHÃ
LUCIANA BAHIA DE OLIVEIRA ,,,992220767,INAUGURAL,2026-01-31,MANHÃ
GABRIELLE BARROS PESSOA,,,988919217,INAUGURAL,2026-01-31,MANHÃ
SINDARA IVI MORAES FONSECA ,,,991553548,INAUGURAL,2026-01-31,MANHÃ
JULIANA SALES DE TOLEDO RAMOS ,,,993470037,INAUGURAL,2026-01-31,MANHÃ
VITOR RAYMUNDO RIEDAL,,,997112805,INAUGURAL,2026-01-31,MANHÃ
DIOGO COUTO DE SOUZA NASCIMENTO ,,,993815519,INAUGURAL,2026-01-31,MANHÃ
GUIOMAR ROCHA NASCIMENTO ,,,983071457,INAUGURAL,2026-01-31,MANHÃ
PIETRA,,,,AVULSO,,
MAGNÓLIA ,,,,AVULSO,,
GABRIEL SILVA DE AMORIM FERRAZ,,,987061850,INAUGURAL,2026-02-21,MANHÃ
LORENA ELLEN SILVA BATISTA ,,,75998765358,INAUGURAL,2026-02-21,MANHÃ
LUDMILA SILVA BATISTA ,,,996593225,INAUGURAL,2026-02-21,MANHÃ
LUCIANA MENDES,,,99064641,INAUGURAL,2026-02-21,MANHÃ
MILENE MOURA,,,981025151,INAUGURAL,2026-02-21,MANHÃ
JULIO HENDRIQUE PEREIRA FERREIRA ,,,74999335994,INAUGURAL,2026-02-21,MANHÃ
BRUNA DANTAS DE SOUZA ,,,991592484,INAUGURAL,2026-02-21,MANHÃ
JOÃO AZEVEDO ,,,993365671,INAUGURAL,2026-02-21,MANHÃ
FELIPE PEREIRA AZEVEDO ,,,993338604,INAUGURAL,2026-02-21,MANHÃ
ZORAYA BARBOSA DA COSTA,,,993053965.,INAUGURAL,2026-02-21,MANHÃ
MARIA EDUARDA ,,,,AVULSO,,
AUREA MINERVA DOS SANTOS ,,,491773338690,INAUGURAL,2026-02-21,MANHÃ
JEANE DA SILVA SALES,,,999444345,INAUGURAL,2026-02-21,TARDE
PRISCILA SANTANA ,,,75999488150,INAUGURAL,2026-02-21,TARDE
SUSANA NEIDE SANTOS SILVA,,,991222839,INAUGURAL,2026-02-21,TARDE
ANA CLAUDIA DOS SANTOS,,,986808469,INAUGURAL,2026-02-21,TARDE
FRANCINETE RIBEIRO DA SILVA,,,997416439,INAUGURAL,2026-02-21,TARDE
PEDRO HENRIQUE ,,,,AVULSO,,
GABRIELA DALCOM ,,,997107248,INAUGURAL,2026-02-28,MANHÃ
MARIA SELMA SILVA DE OLIVEIRA ,,,996457215,INAUGURAL,2026-02-28,MANHÃ
YANNA KALOLINA FIGUEIREDO DE SOUZA ,,,992240666,INAUGURAL,2026-02-28,TARDE
PAOLA MAIA FAGUNDES ,,,51992647081,INAUGURAL,2026-02-28,TARDE
CHARLES ,,,991924769,INAUGURAL,2026-02-28,TARDE
SHIRLEY RIBEIRO ,,,992981004,INAUGURAL,2026-02-28,TARDE
EDSON,,,,AVULSO,,
CELIA COUTO LOMANTO,,,988455405,INAUGURAL,2026-02-28,TARDE
ESTEVÃO ,,,,AVULSO,,
DANIEL ABREU CERQUEIRA ,,,986821330,INAUGURAL,2026-03-07,MANHÃ
ALICE BACELAR TAVARES,,,982290432,INAUGURAL,2026-03-07,MANHÃ
PEDRO HENRIQUE ,,,,AVULSO,,
LUCIANA RIBEIRO CUNHA,,,981310802,INAUGURAL,2026-03-07,MANHÃ
PAULO RILSON ALMEIDA DA SILVA ,,,982232000,INAUGURAL,2026-03-07,MANHÃ
CARLA DE JESUS SANTOS ,,,993813150,INAUGURAL,2026-03-07,MANHÃ
JOICE ELIANE VASCONCELOS ,,,93992209810,INAUGURAL,2026-03-07,MANHÃ
ANA MARGARIDA,,,987483504,INAUGURAL,2026-03-07,MANHÃ
JEAN CARLO COSTA BACELAR ,,,981007611,INAUGURAL,2026-03-07,TARDE
EVELIN ESTER DOS SANTOS CARDEAL,,,996327068,INAUGURAL,2026-03-14,MANHÃ
MÔNICA CRISTINA SABACK,,,985090624,INAUGURAL,2026-03-14,MANHÃ
PAULO TELES SERRA AZUL,,,981118055,INAUGURAL,2026-03-14,MANHÃ
PAULA ALVES BARBOSA ,,,983861001,INAUGURAL,2026-03-14,MANHÃ
Anna,,,,AVULSO,,
DAIANE GUEDES DA SILVA LISBOA,,,993564398,INAUGURAL,2026-03-14,TARDE
CASSIO DOS SANTOS SILVA ,,,992736168,INAUGURAL,2026-03-14,TARDE
FABIA SANTOS ALVES ,,,987999301,INAUGURAL,2026-03-14,TARDE
ZENILDA MOTA DE JESUS,,,992151369,INAUGURAL,2026-03-14,TARDE
TAISE SOUZA DE OLIVEIRA ,,,988080249,INAUGURAL,2026-03-21,MANHÃ
RISONETE SANTOS SOUZA ,,,986487294,INAUGURAL,2026-03-21,MANHÃ
LUCAS GABRIEL FONSECA BRITO ,,,987191736,INAUGURAL,2026-03-21,MANHÃ
JOANA DE OLIVEIRA ,,,993254546,INAUGURAL,2026-03-21,MANHÃ
JOÃO VICTOR LOPES DE OLIVEIRA ,,,991131595,INAUGURAL,2026-03-21,TARDE
MARJORIE AYESKA VIEIRA ALVES ,,,993234810,INAUGURAL,2026-03-28,MANHÃ
MIRIAN DOS SANTOS AMORIM,,,982252183,INAUGURAL,2026-03-28,MANHÃ
RAFAELLA FERNANDES PEDREIRA ALCÂNTARA ,,,981964807,INAUGURAL,2026-03-28,MANHÃ
PRISCILA FERRAZ,,,988721854,INAUGURAL,2026-03-28,MANHÃ
GABRIEL JESUS,,,992759483,INAUGURAL,2026-03-28,MANHÃ
MICHELEAMORIM,,,991913909,INAUGURAL,2026-03-28,MANHÃ
MILEIDE PAIXÃO DE SOUZA,,,999906917,INAUGURAL,2026-03-28,TARDE
TIAGO MELO MENEZES DE BRITO,,,996118994,INAUGURAL,2026-04-04,MANHÃ
SHIRLEY SANTA RITA,,,999299489,INAUGURAL,2026-04-04,MANHÃ
JUCILEIA JESUS DOS SANTOS ,,,991052988,INAUGURAL,2026-04-04,MANHÃ
MONIQUE MEIRELLES ,,,992095212,INAUGURAL,2026-04-04,MANHÃ
ANGELI LOPES GALVÃO ,,,999726682,INAUGURAL,2026-04-04,MANHÃ
TEREZA MARIA LOPES GALVÃO ,,,992932323,INAUGURAL,2026-04-04,MANHÃ
RAFAELA ,,,,AVULSO,,
LARA,,,,AVULSO,,
BRENO,,,,AVULSO,,
EDER CORICAZA RAMOS,,,994103534,INAUGURAL,2026-04-04,TARDE
JÉSSICA SANTANA ,,,992086804,INAUGURAL,2026-04-04,TARDE
RUBY MENON,,,18087223265,INAUGURAL,2026-04-04,TARDE
CATARINA DOURADO BATISTA ,,,992522865,INAUGURAL,2026-04-11,MANHÃ
AUGUSTO SANTOS,,,11985183867,INAUGURAL,2026-04-11,MANHÃ
NATHALIE NASCIMENTO LINO,,,993282007,INAUGURAL,2026-04-11,MANHÃ
CAROLINE EVELIN SOUZA VILAS BOAS,,,993177908,INAUGURAL,2026-04-11,MANHÃ
GESSE SANTANA ,,,987775478,INAUGURAL,2026-04-11,MANHÃ
JULIA MAIA CARDOSO CAMPOS,,,984315115,INAUGURAL,2026-04-11,MANHÃ
JOSIMAR PACHECO CHAVES FILHO,,,991517073,INAUGURAL,2026-04-11,MANHÃ
DAYSE CORREIA DOS SANTOS ,,,988336663,INAUGURAL,2026-04-11,MANHÃ
LAURA,,,,AVULSO,,
SARA MASCARENHAS DE OLIVEIRA SANTOS ,,,992817858,INAUGURAL,2026-04-11,TARDE
PEROLA MASCARENHAS DE OLIVEIRA SANTOS ,,,992752409,INAUGURAL,2026-04-11,TARDE
ANNA THREZA BEZERRA CARDOSO,,,981832849,INAUGURAL,2026-04-11,TARDE
VITORIA EMANUELE FERREIRA BARBOSA LIMA,,,986639423,INAUGURAL,2026-04-11,TARDE
ITALA SANTOS FERREIRA ,,,992274177,INAUGURAL,2026-04-11,TARDE
MATEUS FRANÇA PEREIRA ,,,983346030,INAUGURAL,2026-04-11,TARDE
ZENILDA ,,,,AVULSO,,
YURI GUIMARÃES ,,,991267478,INAUGURAL,2026-04-18,MANHÃ
DANIEL BARRETO DUARTE,,,966136650,INAUGURAL,2026-04-18,MANHÃ
EDMILSON CARVALHO DE SÁ BARRETO ,,,992426916,INAUGURAL,2026-04-18,MANHÃ
MOISES SILVA MENDES ,,,991522341,INAUGURAL,2026-04-18,MANHÃ
LORENA MARIA DA SILVA SCHINDLER,,,994257887,INAUGURAL,2026-04-18,MANHÃ
CATHERINE BRAUNSTEIN,,,99942005,INAUGURAL,2026-04-18,MANHÃ
CARLA MICHELE DIAS FREIRE,,,991199356,INAUGURAL,2026-04-25,MANHÃ
LAURA,,,,AVULSO,,
LUCAS DE CARVALHO DE SOUZA ,,,981593425,INAUGURAL,2026-04-25,MANHÃ
PEDRO BONFIM LANDIM,,,75991588778,INAUGURAL,2026-04-25,MANHÃ
BRENO,,,,AVULSO,,
GABRIELA ALVES DA CUNHA BARBOSA ,,,996849962,INAUGURAL,2026-04-25,TARDE
SABRINE GAMA CARVALHO ,,,71920001711,INAUGURAL,2026-04-25,TARDE
EDUARDO OLIVEIRA AMARAL GOMES,,,11951441152,INAUGURAL,2026-04-25,TARDE
LORENA COSTA ,,,991955265,INAUGURAL,2026-04-25,TARDE
GUSTAVO ARAÚJO ,,,992201600,INAUGURAL,2026-04-25,TARDE
LINA LORENA SOUZA XAVIER ,,,985548143,INAUGURAL,2026-04-25,TARDE
BRANDON WALCKINGSE,,,1919887915,INAUGURAL,2026-04-25,TARDE
DANIELE DA SILVA ROCHA,,,992939777,INAUGURAL,2026-04-25,TARDE
GERUZA AZEVEDO OLIVEIRA ,,,986059108,INAUGURAL,2026-04-25,TARDE
JUCIARA AZEVEDO OLIVEIRA ,,,988298649,INAUGURAL,2026-04-25,TARDE
LUIZA PESSOA DO NASCIMENTO ANDRADE ,,,983391617,INAUGURAL,2026-05-02,MANHÃ
MARCELO MASCARENHAS ASTOLTHO,,,987226469,INAUGURAL,2026-05-02,MANHÃ
DANIELA OLIVEIRA SAMPAIO ,,,31997403274,INAUGURAL,2026-05-02,MANHÃ
PATRÍCIA MENEZES ,,,994046940,INAUGURAL,2026-05-02,MANHÃ
RAMON ALVES FRANCO ,,,993325711,INAUGURAL,2026-05-02,MANHÃ
JEAN CARLOS ,,,992079633,INAUGURAL,2026-05-02,MANHÃ
ALICE BRAGA,,,88976700,INAUGURAL,2026-05-02,MANHÃ
MARIA LUIZA ,,,981968705,INAUGURAL,2026-05-02,MANHÃ
ANDREIA LEITÃO ,,,981270521,INAUGURAL,2026-05-02,MANHÃ
LENITA ,,,991513338,INAUGURAL,2026-05-02,MANHÃ
KATIA ANDRADE SANTOS ,,,73991103912,INAUGURAL,2026-05-02,MANHÃ
ISABELA SOUZA FIGUEIREDO ,,,996119044,INAUGURAL,2026-05-02,TARDE
CARLOS EDUARDO SANTOS NERI,,,991077872,INAUGURAL,2026-05-02,TARDE
SABRINA SILVA DE OLIVEIRA ,,,983051286,INAUGURAL,2026-05-02,TARDE
CLOVIS DA SILVA MENDONÇA ,,,983051286,INAUGURAL,2026-05-02,TARDE
ALEXANDRE PAJEU MOURA ,,,86999003242,INAUGURAL,2026-05-02,TARDE
JOSÉ ESPINOZA ,,,987169763,INAUGURAL,2026-05-02,TARDE
LIS SANTANA DOS SANTOS ,,,993665711,INAUGURAL,2026-05-02,TARDE
GILIANE DOS SANTOS BITENCOURT,,,991675236,INAUGURAL,2026-05-02,TARDE
TIAGO ALMEIDA DA CRUZ,,,992785318,INAUGURAL,2026-05-02,TARDE
VERONICA DOS SANTOS RIBEIRO ,,,986662645,INAUGURAL,2026-05-02,TARDE
EVANILDO PEREIRA DOS SANTOS ,,,88185517,INAUGURAL,2026-05-02,TARDE
MANUELE ROSA SANTIAGO,,,982390647,INAUGURAL,2026-05-02,TARDE
ANDRÉ LUIZ GUIDA DE CAMPOS ,,,993315393,INAUGURAL,2026-05-09,MANHÃ
LEONARDO DE JESUS GOMES ,,,988754470,INAUGURAL,2026-05-09,MANHÃ
GABRIEL ADRIANO DE JESUS REIS,,,984003127,INAUGURAL,2026-05-09,MANHÃ
ICARO BATISTA SANTIAGO,,,984544575,INAUGURAL,2026-05-09,MANHÃ
LARA FERNANDA RIOS TEIXEIRA ,,,991905929,INAUGURAL,2026-05-09,MANHÃ
ANTONIO RUY,,,,AVULSO,,
IASMIN RAINHA COSTA SANTOS ,,,992739142,INAUGURAL,2026-05-09,TARDE
MATEUS CAMACAN DE SANTANA,,,999932017,INAUGURAL,2026-05-09,TARDE
CHRIS COLWELL,,,61981887397,INAUGURAL,2026-05-09,TARDE
BIANCA VATIELI RIBEIRO DE SOUZA ,,,997222190,INAUGURAL,2026-05-09,TARDE
ANA CECÍLIA DE ANDRADE TEIXEIRA ,,,981632340,INAUGURAL,2026-05-09,TARDE
MATHEUS ALVES CARDOSO ,,,993376347,INAUGURAL,2026-05-16,MANHÃ
RAFAELA OLIVEIRA DE ANDRADE ,,,997064641,INAUGURAL,2026-05-16,TARDE
CATARINA CORTES,,,999091806,INAUGURAL,2026-05-16,TARDE
MARISA CONCEIÇÃO ,,,982091224,INAUGURAL,2026-05-16,TARDE
CAROLINA DIPERNA,,,999841683,INAUGURAL,2026-05-16,TARDE
ROCIO CORTAZZO,,,,INAUGURAL,2026-05-16,TARDE
RODRIGO AQUINO PEDREIRA RABELO,,,992028014,INAUGURAL,2026-05-16,TARDE
TITO FERRAZ RIBEIRO ,,,11998737862,INAUGURAL,2026-05-16,TARDE
VITHOR RODRIGUES FERREIRA DE LAVOR,,,993307943,INAUGURAL,2026-05-16,TARDE
MARIA CLARA SILVA NASCIMENTO CARVALHO ,,,992286676,INAUGURAL,2026-05-16,TARDE
JOÃO PEDRO OLIVEIRA TRINDADE ,,,996777170,INAUGURAL,2026-05-23,MANHÃ
FERNANDA DOMINGUES NASCIMENTO ,,,999577224,INAUGURAL,2026-05-23,MANHÃ
DANIELE SERRAVALLE,,,,INAUGURAL,2026-05-23,MANHÃ
ANA GABRIELA DOURADO TEIXEIRA DE SOUZA ,,,999396577,INAUGURAL,2026-05-23,MANHÃ
GIOVANA RODRIGUES NASCIMENTO ,,,77998280423,INAUGURAL,2026-05-23,MANHÃ
GUILHERME CARDOSO DALTRO,,,77991017197,INAUGURAL,2026-05-23,MANHÃ
ANTÔNIO RUY,,,,AVULSO,,
JOÃO EMÍLIO FERREIRA SILVA,,,74981333254,INAUGURAL,2026-05-23,TARDE
EMY DOS SANTOS SACRAMENTO ,,,992748634,INAUGURAL,2026-05-23,TARDE
PEDRO GONÇALVES DE SALES,,,85991970220,INAUGURAL,2026-05-23,TARDE
FLAVIA NOLASCO,,,991697534,INAUGURAL,2026-05-23,TARDE
KAIO,,,,AVULSO,,
THALIA FERNANDA ALVES VALADAO SANTOS ,,,988116227,INAUGURAL,2026-05-23,TARDE
NATALIA ,,,,AVULSO,,
ESTEPHANE ARAÚJO BRITO ,,,986956604,INAUGURAL,2026-05-23,TARDE
PEDRO DE OLIVEIRA LEAL FIGUEIREDO ,,,988751343,INAUGURAL,2026-05-23,TARDE
LUCINEIA EVANGELISTA DOS SANTOS ,,,992945434,INAUGURAL,2026-05-23,TARDE
LUCA ALMEIDA LIMA,,,985310354,INAUGURAL,2026-05-30,MANHÃ
MARIANA PASSOS SOUSA,,,920043280,INAUGURAL,2026-05-30,MANHÃ
ISRAEL RISAN,,,74999445548,INAUGURAL,2026-05-30,MANHÃ
KAIO,,,,AVULSO,,
DARIANE JENNIFER OLIVEIRA DO CARMO,,,999949234,INAUGURAL,2026-05-30,TARDE
BRIGITTE DA SILVA BARREIRO,,,984324475,INAUGURAL,2026-05-30,TARDE
FERNANDA NASCIMENTO DOS SANTOS ,,,987547780,INAUGURAL,2026-05-30,TARDE
CAROLINA OSORIO,,,991537410,INAUGURAL,2026-05-30,TARDE
,,,,AVULSO,,
LARISSA COSTA,,,992896024,INAUGURAL,2026-05-30,TARDE
IANA ALMEIDA DA SILVA ,,,997409245,INAUGURAL,2026-05-30,TARDE
KAIO,,,,AVULSO,,
LARA ZEDRAZ CARNEIRO ,,,991921903,INAUGURAL,2026-05-30,TARDE
JULIA JONES,,,992048051,INAUGURAL,2026-05-30,TARDE
RAFAELLA,,,,AVULSO,,
JULIA REYNER CERQUEIRA CORDEIRO ANTELO,,,991562962,INAUGURAL,2026-06-06,MANHÃ
MIGUEL DA SILVA DE ARAÚJO SENA,,,996648385,INAUGURAL,2026-06-06,MANHÃ
FILIPE JOSÉ SILVA ANDRADE RIBEIRO ,,,99268335,INAUGURAL,2026-06-06,MANHÃ
FABIANA DOS SANTOS MATOS,,,,INAUGURAL,2026-06-06,MANHÃ
HUNDINE SANTOS,,,987700958,INAUGURAL,2026-06-06,MANHÃ
PAULO ZOREZETO,,,996167185,INAUGURAL,2026-06-06,TARDE
YASMIN SANTIAGO,,,992232426,INAUGURAL,2026-06-06,TARDE
ALEXANDRE ASSIS MELO,,,75991888482,INAUGURAL,2026-06-06,TARDE
MONISE FERREIRA CARDOSO ,,,11974231991,INAUGURAL,2026-06-13,MANHÃ
RAQUEL ALVES CAMPOS ,,,987927681,INAUGURAL,2026-06-13,MANHÃ
LUIS FILIPE RIBEIRO SANTOS ,,,992255630,INAUGURAL,2026-06-13,MANHÃ
JOSÉ ANTÔNIO SAMPAIO NETO,,,981044131,INAUGURAL,2026-06-13,MANHÃ
ANA CARLA MAIA DE CARVALHO ,,,989492602,INAUGURAL,2026-06-13,MANHÃ
ALISSON DE CARVALHO SOARES,,,991098770,INAUGURAL,2026-06-13,MANHÃ
RITA CRISTINA RIBEIRO ,,,991194935,INAUGURAL,2026-06-13,MANHÃ
JOSÉ DA SILVA ,,,992061342,INAUGURAL,2026-06-13,TARDE
LEONARDO ARAÚJO ,,,991616629,INAUGURAL,2026-06-13,TARDE
ROSILENE DA SILVA DOS SANTOS ,,,982310066,INAUGURAL,2026-06-13,TARDE
REGINALDO SILVA SANTOS ,,,4915257458429,INAUGURAL,2026-06-13,TARDE
THAIS ROCHA,,,988240214,INAUGURAL,2026-06-13,TARDE
LAIS CARNEIRO DE OLIVEIRA ,,,992545429,INAUGURAL,2026-06-27,MANHÃ
LARISSA ARAÚJO DE FREITAS ,,,986564012,INAUGURAL,2026-06-27,TARDE
RAFAELA DIAS LIMA DALCOM,,,999050801,INAUGURAL,2026-06-27,TARDE
CAROLINE DOS SANTOS COSTA,,,996488922,INAUGURAL,2026-06-27,TARDE
WELTON LUIS CAFEZEIRO COSTA,,,992887674,INAUGURAL,2026-06-27,TARDE
ELAINE RAMOS SANTOS ,,,988479887,INAUGURAL,2026-06-27,TARDE
BRUNO ,,,,AVULSO,,
BRUNO,,,,AVULSO,,
GISELE CASTOR ARAÚJO ,,,984285170,INAUGURAL,2026-07-04,TARDE
ROMULO ARAÚJO RODRIGUES ,,,996185560,INAUGURAL,2026-07-04,TARDE
LOUISNA LAUERENT,,,594694268333,INAUGURAL,2026-07-04,TARDE
BEATRIZ LOURENÇO RIBEIRO ,,,14991430069,INAUGURAL,2026-07-04,TARDE
ANA LAURA SOUZA XAVIER ,,,996007061,INAUGURAL,2026-07-04,TARDE
LUAN LUCAS BRITO,,,992992995,INAUGURAL,2026-07-11,MANHÃ
FELIPE URIEL SOUZA LEAL,,,991599571,INAUGURAL,2026-07-11,MANHÃ
LAURA,,,,AVULSO,,
MARIA CLARA DE SOUZA SANTOS ,,,987039964,INAUGURAL,2026-07-11,MANHÃ
LUANA ROCHA VALE,,,992426572,INAUGURAL,2026-07-11,MANHÃ
HAMILTON CEZAR DE FREITAS ROCHA,,,987980088,INAUGURAL,2026-07-11,TARDE
JOSÉ DANIEL DA SILVA MOTA,,,71996007674,INAUGURAL,2026-07-18,MANHÃ
LUANDA COSTA ,,,71996245523,INAUGURAL,2026-07-18,MANHÃ
ANNE MEIRE RIBEIRO CARDOSO SANTOS ,,,71987340280,INAUGURAL,2026-07-18,MANHÃ
ANGELA,,,,AVULSO,,
EUVALDO DO NASCIMENTO ,,,991015490,INAUGURAL,2026-07-18,TARDE
DENISE CONCEIÇÃO DOS SANTOS ,,,987851249,INAUGURAL,2026-07-18,TARDE
SAMUEL PEREIRA DE SOUZA ,,,982879065,INAUGURAL,2026-07-18,TARDE
MATHEUS EDUARDO PINTO MARTINS ,,,984755559,INAUGURAL,2026-07-18,TARDE
JANAINA OLIVEIRA DA CRUZ,,,71993132756,INAUGURAL,2026-07-25,MANHÃ
LUZIA SOUZA SANTOS  DE JESUS ,,,996532516,INAUGURAL,2026-07-25,TARDE
EDMILSON MARTINS DA SILVA ,,,71988426225,INAUGURAL,2026-07-25,TARDE
JARLON ALMEIDA DOS REIS,,,993342058,INAUGURAL,2026-07-25,TARDE
VITÓRIA BULMINI,,,598097068504,INAUGURAL,2026-07-25,TARDE
REBECA COUTO MIRANDA ,,,992359594,INAUGURAL,2026-08-01,MANHÃ
LAURA ,,,,AVULSO,,
DANILO NASCIMENTO ,,,986654287,INAUGURAL,2026-08-01,TARDE
MIVIA SILVA LIMA,,,991945645,INAUGURAL,2026-08-01,TARDE
EDSON,,,,AVULSO,,
FLAVIA DO NASCIMENTO GONÇALVES ,,,983015299,INAUGURAL,2026-08-01,TARDE
DIOGO FELIPE MATOS PINHEIRO ,,,987234265,INAUGURAL,2026-08-01,TARDE
JOELMA SILVA LIMA,,,992571671,INAUGURAL,2026-08-08,MANHÃ
PEDRO MARCELO REIS DOS SANTOS ,,,994103622,INAUGURAL,2026-08-08,MANHÃ
ANTONIO RUI,,,,AVULSO,,
LEONARDO SANDES,,,21995004583,INAUGURAL,2026-08-08,TARDE
CARLSKY BELIZANC,,,71981952377,INAUGURAL,2026-08-08,TARDE
MAILEN RAMOREZ,,,543624120922,INAUGURAL,2026-08-08,TARDE
CRAIG MILLER AUSTRALIANO,,,61400227164,INAUGURAL,2026-08-08,TARDE
BEATRIZ DIAS ,,,88892375,INAUGURAL,2026-08-08,TARDE
RAFAEL CERQUEIRA GOMES ,,,991700085,INAUGURAL,2026-08-08,TARDE
MONIQUE GUIMARÃES DOS SANTOS ,,,988319662,INAUGURAL,2026-08-08,TARDE
FELIPE VITAL,,,988892375,INAUGURAL,2026-08-08,TARDE
LEONARDO BAHIENSE LOPES,,,991181066,INAUGURAL,2026-08-15,MANHÃ
ANA CARDOSO ,,,991251690,INAUGURAL,2026-08-15,MANHÃ
ÁLVARO CARDOSO DE OLIVEIRA ,,,992124639,INAUGURAL,2026-08-15,MANHÃ
MARLEIDE ALVES DE OLIVEIRA ,,,74991259127,INAUGURAL,2026-08-15,MANHÃ
JESSICA CRISTIANE BORGES DE SOUZA,,,992116891,INAUGURAL,2026-08-15,MANHÃ
MAGNA NASCIMENTO CORREIA SOARES,,,75983643119,INAUGURAL,2026-08-15,MANHÃ
BEATRIZ DAVID ,,,982251526,INAUGURAL,2026-08-15,TARDE
ADRIANA SANTOS SOARES,,,981839989,INAUGURAL,2026-08-29,MANHÃ
ELISANGELA OLIVEIRA ,,,992786369,INAUGURAL,2026-08-29,MANHÃ
BIANCA BRANDÃO SABA CARDOSO ,,,991284226,INAUGURAL,2026-08-29,MANHÃ
GUSTAVO BARREIROS PINTO DA SILVA FILHO,,,996442004,INAUGURAL,2026-08-29,MANHÃ
ANTÔNIO RUY,,,,AVULSO,,
CARLOS DANIEL VIEIRA COSTA,,,994135054,INAUGURAL,2026-08-29,TARDE
MANOELA SOARES,,,999671422,INAUGURAL,2026-08-29,TARDE
ENZA RAFAELA PEIXOTO FERREIRA ,,,999934153,INAUGURAL,2026-09-05,MANHÃ
CANDIDA MARIA DE ANDRADE ,,,987356959,INAUGURAL,2026-09-05,MANHÃ
FERNANDA HERCILA SILVA ALENCAR,,,981993163,INAUGURAL,2026-09-05,MANHÃ
CAROLINE VITORIA DE OLIVEIRA ARAÚJO ,,,982826776,INAUGURAL,2026-09-05,MANHÃ
INGRID LIMA GOMES,,,992534830,INAUGURAL,2026-09-05,MANHÃ
LUCAS,,,,AVULSO,,
KELLY,,,,AVULSO,,
SAMUEL,,,,AVULSO,,
JONATHAN RAMOS,,,997418958,INAUGURAL,2026-09-05,TARDE
BERNARDO KRUSCHEWSKY BARRETO COUTINHO SANTOS ,,,999641410,INAUGURAL,2026-09-05,TARDE
CASSIS BISPO COSTA,,,992615231,INAUGURAL,2026-09-19,MANHÃ
ROSIANE SANTOS ,,,993016972,INAUGURAL,2026-09-19,MANHÃ
ANA CLARA VIANA IGLESSIAS,,,988024254,INAUGURAL,2026-09-19,MANHÃ
ILMARA NOLASCO PAIVA,,,986660474,INAUGURAL,2026-09-19,MANHÃ
DIEGO SOUZA RAMOS FIAS,,,987720249,INAUGURAL,2026-09-19,MANHÃ
,,,994103534,INAUGURAL,,TARDE
CLAYDE BAZIK,,,982768020,INAUGURAL,2026-09-19,TARDE
ITU SANTOS  DE ABREU,,,997382462,INAUGURAL,2026-09-19,TARDE
ANDRE DA CONCEIÇÃO SANTOS ,,,988422927,INAUGURAL,2026-09-19,TARDE
LENI DE OLIVEIRA ALMEIDA ,,,,INAUGURAL,2026-09-19,TARDE
LARISSA BONATTI ,,,11958578407,INAUGURAL,2026-09-26,MANHÃ
FABIOLA PAZ,,,11971111795,INAUGURAL,2026-09-26,MANHÃ
SAMUEL FIGUEIREDO ,,,991473599,INAUGURAL,2026-09-26,MANHÃ
JORGE GABRIEL ,,,991408285,INAUGURAL,2026-09-26,TARDE
,,,,JANEIRO,,,,FEVEREIRO,,,,,MARÇO,,,,,ABRIL,,,,,MAIO,,,,,,JUNHO,,,,,JULHO,,,,,AGOSTO,,,,,,SETEMBRO,,,,,OUTUBRO,,,,,,NOVEMBRO,,,,,DEZEMBRO,,
NOME,TURMA ATUAL,ANIVERSÁRIO,CELULAR,PAGAMENTO,2026-01-17,2026-01-24,2026-01-31,PAGAMENTO2,2026-02-07,2026-02-14,2026-02-21,2026-02-28,PAGAMENTO3,2026-03-07,2026-03-14,2026-03-21,2026-03-28,PAGAMENTO4,2026-04-04,2026-04-11,2026-04-18,2026-04-25,PAGAMENTO5,2026-05-02,2026-05-09,2026-05-16,2026-05-23,2026-05-30,PAGAMENTO6,2026-06-06,2026-06-13,2026-06-20,2026-06-27,PAGAMENTO7,2026-07-04,2026-07-11,2026-07-18,2026-07-25,PAGAMENTO8,2026-08-01,2026-08-08,2026-08-15,2026-08-22,2026-08-29,PAGAMENTO9,2026-09-05,2026-09-12,2026-09-19,2026-09-26,PAGAMENTO10,2026-10-03,2026-10-10,2026-10-17,2026-10-24,2026-10-31,PAGAMENTO11,2026-11-07,2026-11-14,2026-11-21,2026-11-28,PAGAMENTO12,2026-12-05,2026-12-12
ADRIANA BITENCOURT,B2,2026-02-18,,2026-01-17,B1,B1,B1,17/02/2026 conta antiga ,,,B1,B1,2026-03-21,B1,B1,B1,B1,2024-04-22,B1,B2,B2,B2,2026-05-23,B2,B2,,B2,B2,2026-06-02,B2,B2,,B2,2026-07-01,B2,B2,B2,B2,2026-08-04,B2,B2,B2,B2,,2026-09-10,,,,B2,Próx. 23/10,,,,,,,,,,,,,
ADRIANA EVANGELISTA ,B2,2024-10-19,,,,,,,,Sem aula,,,,,,,,,,,,,,,,,,,,,,,,,,,,,,,,,,,2026-09-05,B2,,,,Próx. 05/10,,,,,,,,,,,,,
AKIM DA FONSECA ALVAREZ,B2,2026-06-16,,,,,,2026-02-28,,,,B1,2026-04-04,,B1,,B1,2026-04-29,B1,B2,B2,B2,2026-05-30,B2,B2,,B2,B2,,B2,B2,,,2026-07-03,,,B2,B2,08/08/2026 70 dinheiro 5 pix,B2,B2,,,B2,Próx. 18/09,B2,,,,,,,,,,,,,,,,,
ALICE BACELAR TAVARES,,2026-07-21,,,,,,,,,,,devolução ,,B1,,,,,,,,,,,,,,,,,,,,,,,,,,,,,,,,,,,,,,,,,,,,,,,,
ALICE BRAGA SILVA,,2026-08-25,,,,,,,,,,,,,,,,,,,,,2026-05-09,,,B1,B1,B1,13/06/2026 dinheiro ,B1,B1,,B1,2026-07-11,B1,B2,B2,B2,2026-08-08,,B2,B2,B2,B2,2026-09-19,B2,Sem aula,B2,B2,Próx. 19/10,,,,,,,,,,,,,
ALIRIO CESAR PEREIRA DE OLIVEIRA ,B2,2025-05-12,,2026-01-17,B2,B2,B2,2026-02-28,,Sem aula,,B2,Próx. 28/03,B2,B2,,,2026-04-11,,B2,,B2,2026-05-09,,B2,B2,,B2,2026-06-13,,B2,,,2026-07-04,B2,B2,B2,B2,2026-08-15,B2,,B2,B2,,2026-09-26,,,,B2,Próx. 26/10,,,,,,,,,,,,,
ANA GABRIELA DOURADO TEIXEIRA DE SOUZA,,2026-07-29,,,,,,,,,,,,,,,,,,,,,2026-05-30,,,,,B1,,B1,,,,2026-07-18,,,B1,B1,,B1,B1,,,,,,,,,,,,,,,,,,,,,,
ANA MARGARIDA,,,,,,,,,,,,,2026-03-07,B1,,,,,,,,,,,,,,,,,,,,,,,,,,,,,,,,,,,,,,,,,,,,,,,,,
ANA PAULA PEREIRA DA ANUNCIAÇÃO FIALHO,B2,2025-06-24,,2026-01-17,B2,B2,,2026-02-21,,Sem aula,B2,B2,2026-03-21,B2,,B2,B2,,B2,B2,B2,,2026-05-02,B2,B2,I1,I1,,2026-07-11,I1,I1,,B2,2026-07-11,,I1,I1,I1,2026-08-22,,I1,,,,Próx. 29/09,I1,,I1,,,,,,,,,,,,,,,
ANDREIA CRISTINA GUIMARÃES DA SILVA,B2,2025-01-06,,,,,,,,Sem aula,,,,,,,,,,,,,,,,,,,,,,,,,,,,,,,,,,,,,,,,,,,,,,,,,,,,,
ANDRE  LUIZ GUIDA,,2026-10-30,,,,,,,,,,,,,,,,,,,,,2026-05-16,,,B1,B1,B1,,B1,B1,,,,,,,,,,,,,,,,,,,,,,,,,,,,,,,,
ANTONIO ALEXANDRE DE SEIXAS NETO,B2,2024-04-18,,17/01/2026 dinheiro ,B2,B2,B2,21/02/2026 dinheiro ,,Sem aula,B2,B2,21/03/2026 dinheiro ,B2,B2,B2,B2,25/04/2026 dinheiro ,B2,B2,B2,B2,23/05/2026 dinheiro ,B2,B2,B2,B2,B2,,B2,B2,,,11/07/2026 dinheiro ,,B2,B2,B2,15/08/2026 dinheiro ,B2,B2,B2,B2,B2,19/09/2026 dinheiro ,B2,,B2,B2,Próx. 19/10,,,,,,,,,,,,,
ANTÔNIO RUY  GARRIDO DE ABREU JUNIOR ,I1,2023-03-30,,2026-01-17,I1,I1,,2026-02-28,,,I1,I1,2026-03-28,,I1,,I1,,,,,I1,,,,,,,,,,,,,,,,,,,,,,,,,,,,,,,,,,,,,,,,,
BEATRIZ ALVES DE JESUS ,I1,2024-11-05,,2026-01-31,,,I1,,,Sem aula,I1,,2026-03-07,I1,I1,,I1,,,,,,2026-05-02,I1,I1,,I1,I2,,,,,,2026-07-04,I2,,I2,I2,,I2,,,,,,,,,,,,,,,,,,,,,,,
BEATRIZ BONFIM,I1,,,,,,,,,,,,,,,,,2026-04-04,I1,,I1,,2026-05-23,,,,I1,I1,,,I1,,,2026-07-04,I1,,,,2026-09-05,I1,,,I1,,Próx. 22/09,I1,,,,,,,,,,,,,,,,,
BRENO CALAZANS ,,2026-02-13,,,,,,,,,,,,,,,,,,,,,,,,,,,,,,,,2026-07-04,I1,I1,I1,I1,,I1,,,,,2026-09-05,I1,,,I1,Próx. 05/10,,,,,,,,,,,,,
BRUNA ARLÉO,B2,2025-04-16,,2026-01-17,I1,I1,,2026-02-28,,Sem aula,I1,I1,2026-03-28,I1,I1,I1,I1,2026-04-25,I1,I1,I1,I1,2026-06-06,I1,I1,,I1,,,I1,,,,2026-07-04,I1,I1,,,2026-08-01,I1,,,I1,,2026-09-19,,,I1,I1,Próx. 19/10,,,,,,,,,,,,,
BRUNO F ALMEIDA,I1,2026-07-14,,2026-01-17,I1,I1,,2026-02-28,,,,I1,2026-04-11,I1,,I1,I1,2026-05-09,,I1,I1,I1,2026-06-13,I1,I1,,I1,I1,,,I1,,,,I1,,,,2026-08-15,,,I1,I1,,Próx. 15/09,,,,,,,,,,,,,,,,,,
BRUNO DE CASTRO TEZZATO,B1,2025-05-30,,2026-01-17,B1,,B1,,,Sem aula,,,,,,,,,,,,,,,,,,,,,,,,,,,,,,,,,,,,,,,,,,,,,,,,,,,,,
CAIO HENRIQUE COSTA DE JESUS,B2,2025-10-11,,2025-01-17,B2,B2,B2,2026-02-21,,,B2,B2,2026-04-11,B2,B2,B2,B2,2026-05-02,,B2,B2,B2,2026-06-06,B2,B2,B2,B2,B2,2026-07-18,B2,B2,,B2,2026-08-08,B2,B2,B2,B2,Próx. 27/08,B2,B2,B2,B2,B2,,B2,,B2,B2,,,,,,,,,,,,,,
CARLA ALVES DOS SANTOS,B2,2025-10-17,,,,,,,,Sem aula,,,,,,,,,,,,,,,,,,,,,,,,,,,,,,,,,,,,,,,,,,,,,,,,,,,,,
CARLA DAIANE SOUZA SANTANA ,B2,2025-07-14,,,,,,,,Sem aula,,,,,,,,,,,,,,,,,,,,,,,,,,,,,,,,,,,,,,,,,,,,,,,,,,,,,
CARLA DE JESUS SANTOS,,2026-03-02,,,,,,,,,,,2026-03-07,,B1,,B1,2026-04-07,B1,B2,,B2,2026-05-05,,B2,B2,B2,,2026-06-05,B2,B2,,,2026-07-07,B2,B2,B2,,2026-08-04,B2,B2,B2,,B2,2026-09-03,B2,,,B2,Próx. 14/10,,,,,,,,,,,,,
CARLOS BISPO NASCIMENTO ,,2026-02-26,,,,,,,,,,,,,,,,,,,,,2026-05-16,,,B1,B1,B1,,B1,B1,,,2026-07-11,,B1,,,2026-08-15,B1,B2,B2,B2,B2,Próx. 11/09,,,,,,,,,,,,,,,,,,
CAROLINA NUNES FERREIRA ,I1,2023-04-08,,2025-01-12,I2,I2,I2,,,Sem aula,,,2026-03-14,,I2,,I2,2026-04-09,,,,I2,2026-05-08,I2,I2,I2,I2,I2,2026-06-03,,,,I2,,I2,,,,,,,,,,2026-09-19,,,I2,I2,Próx. 19/10,,,,,,,,,,,,,
CATARINA DOURADO BATISTA ,,2026-06-02,,,,,,,,,,,,,,,,2026-04-18,,,B1,,,,B1,,,,,,,,,2026-07-18,,B1,B1,,,B1,,,,,,,,,,,,,,,,,,,,,,,
CELIA COUTO LOMANTO,B1,2026-09-14,,,,,,,,,,,2026-03-21,,,B1,B1,2026-04-18,B1,,B1,,2026-05-30,B1,B1,B1,B2,B2,2026-07-04,B2,,,B2,,B2,B2,,B2,2026-08-08,,B2,,,B2,2026-09-19,,,B2,B2,Próx. 19/10,,,,,,,,,,,,,
CRISTIAN AVOLIO,B1,2025-09-29,,2026-01-17,B1,,B1,2026-02-21,,Sem aula,B1,B1,2026-03-21,B1,B1,B1,B1,,B1,B2,,,2026-05-02,B2,B2,B2,B2,B2,2026-06-06,B2,B2,,B2,2026-07-11,B2,B2,B2,,2026-08-08,,B2,B2,B2,B2,2026-09-05,B2,Sem aula,B2,B2,Próx. 08/10,,,,,,,,,,,,,
DAIARA DA SILVA CASTRO,,2026-06-04,,,,,,2026-02-28,,,,B1,,,B1,B1,,2026-04-11,,B2,B2,B2,,B2,,,,,,,,,,,,,,,,,,,,,,,,,,,,,,,,,,,,,,,
DANIEL ABREU CERQUEIRA ,,2026-11-13,,,,,,,,,,,devolução ,,B1,,,,,,,,,,,,,,,,,,,,,,,,,,,,,,,,,,,,,,,,,,,,,,,,
DANIEL JESUS ALMEIDA,,2026-05-03,,,,,,,,,,,,,,,,,,,,,2026-05-09,,B1,B1,B1,B1,2026-06-13,B1,B1,,B1,2026-07-11,B1,B2,B2,B2,2026-08-22,B2,,B2,B2,B1,Próx. 15/09,,,,,,,,,,,,,,,,,,
DANILO NASCIMENTO ,,,,,,,,,,,,,,,,,,,,,,,,,,,,,,,,,,,,,,,2026-08-01,B1,,B1,,,Próx. 08/09,,,,,,,,,,,,,,,,,,
DAYSE CORREIA DOS SANTOS ,,2026-11-06,,,,,,,,,,,,,,,,18/04/2026 dinheiro  30,,,B1,,,,,,,,,,,,,,,,,,,,,,,,,,,,,,,,,,,,,,,,,,
DENILSON MIRANDA CORDEIRO ,I1,2023-10-14,,24/01/2026 dinheiro ,,I1,I1,21/02/2026 dinheiro ,,Sem aula,I1,,28/03/2026 dinheiro ,I1,,I1,I1,2026-05-02,I1,I1,I1,I1,30/05/2026 dinheiro ,I1,I1,I1,I1,I1,,I1,I1,,,,,,,,,,,,,,,,,,,,,,,,,,,,,,,,
DIEGO SOUZA RAMOS FIAS,,2026-07-11,,,,,,,,,,,,,,,,,,,,,,,,,,,,,,,,,,,,,,,,,,,26/09/2026 cartão ,,,,B1,Próx. 26/10,,,,,,,,,,,,,
DIOGO COUTO DE SOUZA NASCIMENTO ,,,,,,,,2026-02-21,,,I1,I1,2026-03-21,I1,I1,I1,I1,2026-04-25,I1,,I1,I1,2026-05-23,,I1,I1,I1,,,I1,I1,,,2026-07-04,I1,I1,I1,I1,2026-08-08,I1,I1,,,I1,2026-09-05,I1,,I1,I1,Próx. 04/10,,,,,,,,,,,,,
EDJANE NASCIMENTO OLIVEIRA,I1,2023-12-23,,,,,,,,Sem aula,,,,,,,,2026-04-04,I1,I1,,I1,2026-05-16,,,I1,I1,I2,2026-06-13,,I2,,I2,,I2,,,I2,,,,,,I2,2026-09-19,,,I2,,Próx. 19/10,,,,,,,,,,,,,
EDMAR PEREIRA DE CARVALHO ,,2026-03-15,,2026-01-17,B1,B1,B1,2026-02-21,,,B1,B1,2026-03-21,B1,B1,B1,B1,2026-04-25,B1,B1,B1,B1,2026-05-23,,B1,B1,B1,B1,2026-06-27,B2,B2,,B2,2026-07-25,B2,B2,B2,B2,2026-08-22,B2,B2,B2,B2,B2,2026-09-19,B2,,B2,B2,Próx. 27/10,,,,,,,,,,,,,
EDMILSON CARVALHO DE SÁ BARRETO FILHO,,2026-04-16,,,,,,,,,,,,,,,,,,,,,2026-05-09,,B1,B1,B1,,,,,,,,,,,,,,,,,,,,,,,,,,,,,,,,,,,,
EDMUNDO SANTANA,,,,2026-01-24,,B2,B2,2026-02-28,,,B2,B2,2026-03-28,B2,B2,B2,B2,2026-04-25,,B2,B2,B2,2026-06-06,,B2,B2,B2,B2,2026-06-27,B2,B2,,B2,2026-07-25,B2,B2,B2,B2,2026-08-22,B2,B2,B2,B2,,26/09/2026 cartão ,,,B2,B2,Próx. 29/10,,,,,,,,,,,,,
EDMUNDO SANTANA,I1,2023-05-03,,2026-01-17,I1,I1,I1,2026-02-28,,Sem aula,I1,I1,28/03/2026 130,I1,I1,I1,I1,2026-04-25,,I1,I1,I1,2026-06-06,,I1,I1,I1,I1,2026-06-27,I1,I1,,I1,2026-07-25,I1,I1,I1,I1,2026-08-22,I1,I1,I1,I1,I1,26/09/2026 cartão ,I1,,I1,I1,Próx. 29/10,,,,,,,,,,,,,
EDUARDO ARAUJO SANTANA ,B2,2025-04-08,,,,,,,,Sem aula,,,,,,,,,,,,,,,,,,,,,,,,,,,,,,,,,,,,,,,,,,,,,,,,,,,,,
ELAINE RODRIGUES SANTOS SANTIAGO,,,,2026-01-17,I1,,,,,,,,,,,,,,,,,,Próx. 16/06,,,I1,,,,,,,,,,,,,,,,,,,,,,,,,,,,,,,,,,,,,
ELISA DOS SANTOS FREITAS ,B2,2025-07-26,,2026-01-24,,B2,B2,,,Sem aula,B2,,2026-03-07,B2,,,,2026-04-11,B2,B2,B2,,2026-05-23,B2,,,B2,,,B2,,,,,,,,,,,,,,,,,,,,,,,,,,,,,,,,,
ERIVELTON CERQUEIRA DE JESUS ,I1,2024-11-18,,,,,,,,Sem aula,,,,,,,,,,,,,,,,,,,,,,,,,,,,,,,,,,,,,,,,,,,,,,,,,,,,,
ESTEVÃO BATISTA DE MORAES,I2,2024-12-21,,,,,,,,Sem aula,I2,,2026-03-02,I2,I2,I2,I2,2026-04-03,I2,I2,I2,I2,,,,,,,,,,,,,,,,,,,,,,,,,,,,,,,,,,,,,,,,,
EULINA SOUSA CONTREIRAS,B2,2025-07-09,,,,,,,,Sem aula,,,,,,,,,,,,,,,,,,,,,,,,,,,,,,,,,,,,,,,,,,,,,,,,,,,,,
EVAMARA NASCIMENTO JESUS,B1,,,,,,,Próx. 21/02,,Sem aula,B1,,,,,,,,,,,,,,,,,,,,,,,,,,,,,,,,,,,,,,,,,,,,,,,,,,,,
FABIA SANTOS ALVES,,2026-04-21,,,,,,,,,,,21/03/2026 dinheiro ,,,B1,B1,2026-04-25,B1,B1,B1,B1,23/05/2026 dinheiro ,B1,B1,B1,B1,B1,,B1,B1,,,2026-07-18,,,B1,B1,2026-08-22,B1,B1,B1,B1,,2026-09-19,B1,,B1,B1,Próx. 19/10,,,,,,,,,,,,,
FELIPE PEREIRA AZEVEDO ,,2026-01-16,,,,,,,,,,,2026-03-07,B1,B1,,,,,,,,,,,,,,,,,,,,,,,,,,,,,,,,,,,,,,,,,,,,,,,,
FRLIPE URIEL SOUZA LEAL,,2026-01-02,,,,,,,,,,,,,,,,,,,,,,,,,,,,,,,,2026-07-18,,,B1,B1,2026-08-15,B1,B1,B1,,B1,2026-09-19,B1,,B1,B1,Próx. 19/10,,,,,,,,,,,,,
FERNANDA DOMINGUEZ ORTINS ANDRADE NASCIMENTO ,,2026-02-02,,,,,,,,,,,,,,,,,,,,,2026-05-30,,,,,B1,,B1,B1,,,2026-07-25,B1,B1,B1,B1,2026-08-15,B2,B2,B2,B2,B2,Próx. 04/09,B2,,B2,B2,Próx. 04/10,,,,,,,,,,,,,
FERNANDA LOPES ARAÚJO ,B1,2025-10-30,,2026-01-17,B2,B2,B2,2026-02-21,,Sem aula,B2,B2,2026-03-21,B2,B2,B2,B2,2026-04-18,B2,B2,B2,B2,2026-05-23,B2,B2,B2,B2,B2,2026-06-27,B2,B2,,B2,2026-07-18,B2,B2,B2,B2,2026-08-29,,B2,B2,,B2,2026-09-26,B2,,B2,B2,Próx.  26/10,,,,,,,,,,,,,
FERNANDA REIS SALES,B2,2025-04-15,,2026-01-17,I1,,,2026-02-21,,Sem aula,I1,I1,2026-03-21,I1,I1,I1,I1,2026-04-11,,I1,I1,,,,,,,,,,,,,,,,,,,,,,,,,,,,,,,,,,,,,,,,,,
FILIPE JOSÉ SILVA ANDRADE RIBEIRO ,,2026-04-17,,,,,,,,,,,,,,,,,,,,,,,,,,,2026-06-13,,B1,,,2026-07-18,,B1,B1,,2026-08-29,B1,B1,,,B1,Próx. 29/09,B1,,B1,B1,,,,,,,,,,,,,,
FRANCINETE RIBEIRO DA SILVA,,2026-02-16,,,,,,2026-02-28,,,,B1,Próx. 28/03,,,,,,,,,,,,,,,,,,,,,,,,,,,,,,,,,,,,,,,,,,,,,,,,,,
FRANCISCO PEREIRA LIMA FILHO ,,2026-10-02,,,,B1,,24/02/2026 dinheiro ,,,,,,,,,,,,,,,,,,,,,,,,,,,,,,,,,,,,,,,,,,,,,,,,,,,,,,,
GABRIELA DALCON DE OLIVEIRA ,B1,2026-08-22,,,,,,,,,,,2026-03-07,B1,,,B1,2025-04-11,B1,B1,,,2026-05-09,B1,B1,,B2,B2,2026-06-27,,,,B2,,B2,B2,,B2,,,,,,,,,,,,,,,,,,,,,,,,,
GABRIEL ADRIANO DE JESUS REIS,,2026-01-12,,,,,,,,,,,,,,,,,,,,,,,,,,,,,,,,,,,,,2026-08-08,,B1,,B1,,Próx. 08/09,,,,,,,,,,,,,,,,,,
GABRIEL CABRAL DE SANTANA RIBEIRO ,B1,2025-09-10,,2026-01-17,B1,B1,B1,,,Sem aula,,,2026-03-14,B1,B1,B1,,2026-04-18,B2,,B2,B2,2026-05-23,B2,,B2,B2,B2,2026-07-18,B2,B2,,B2,2026-07-25,B2,B2,B2,B2,2026-08-29,B2,B2,B2,B2,B2,2026-09-19,,,B2,B2,Próx. 27/10,,,,,,,,,,,,,
GABRIELLE BARROS PESSOA,,2026-03-21,,,,,,2026-02-07,,,,,,,,,,,,,,,,,,,,,,,,,,,,,,,,,,,,,,,,,,,,,,,,,,,,,,,
GEILDO,,,,,,,,,,,,,,,,,,,,,,,2026-04-25,B2,B2,B2,B2,,,,,,,2026-07-11,,B2,,B2,2026-08-15,B2,B2,B2,B2,B2,Próx. 11/09,B2,,,,,,,,,,,,,,,,,
GESSE SANTANA ,,2026-11-03,,,,,,,,,,,,,,,,2026-04-18,,,B1,B1,2026-05-19,B1,B1,B1,B1,B1,2026-06-19,B1,B1,,B1,2026-07-18,B1,B2,B2,B2,2026-08-25,B2,B2,B2,,B2,Próx. 27/09,B2,,B2,,,,,,,,,,,,,,,
GLEICIELE DA SILVA OLIVEIRA ,,2026-01-31,,,,,,,,,,,2026-03-07,B1,B1,B1,B1,2026-04-11,,B2,B2,B2,2026-05-09,,B2,B2,B2,B2,,,,,,2026-07-18,,,B2,B2,2026-08-22,B2,B2,,B2,B2,2026-09-19,B2,,B2,B2,Próx. 22/10,,,,,,,,,,,,,
GRACE SANTANA MATOS,B2,,,,,,,,,Sem aula,,,,,,,,,,,,,,,,,,,,,,,,,,,,,,,,,,,,,,,,,,,,,,,,,,,,,
GUIOMAR ROCHA NASCIMENTO ,,2026-12-26,,,,,,2026-02-21,,,I1,I1,2026-03-21,I1,I1,I1,I1,2026-04-25,I1,,I1,I1,2026-05-23,,I1,I1,I1,,,I1,I1,,,2026-07-04,I1,I1,I1,I1,2026-08-08,I1,I1,,,I1,2026-09-05,I1,,I1,I1,Próx. 04/10,,,,,,,,,,,,,
,,,,,,,,,,,,,,,,,,,,,,,,,,,,,,,,,,,,,,,,,,,,,,,,,,,,,,,,,,,,,,,
HENRIQUE SILVEIRA ,,2026-08-11,,17/01/2026 dinheiro ,I2,I2,I2,2026-02-21,,,I2,I2,2026-03-28,,I2,I2,I2,,,,,,,,,,,,,,,,,,,,,,,,,,,,,,,,,,,,,,,,,,,,,,
IASMIN RAINHA COSTA SANTOS ,,2026-11-27,,,,,,,,,,,,,,,,,,,,,2026-05-16,,,B1,B2,B2,2026-06-13,,B2,,,18/07/2026 dinheiro ,,B2,B2,B2,2026-08-29,B2,,,B2,B2,2026-09-26,B2,,B2,B2,Próx. 27/10,,,,,,,,,,,,,
ICARO BATISTA SANTIAGO ,,,,,,,,,,,,,,,,,,,,,,,2026-05-09,,,B1,B1,,,B1,,,,,,,,,,,,,,,,,,,,,,,,,,,,,,,,,
ILMARA NOLASCO PAAVA,,2026-08-01,,,,,,,,,,,,,,,,,,,,,,,,,,,,,,,,,,,,,,,,,,,26/09/2026 cartão ,,,,B1,Próx. 26/10,,,,,,,,,,,,,
IRLANE SOUZA DE OLIVEIRA FREIRE,B1,2025-03-24,,2025-11-29,,B2,,,,Sem aula,,,Próx. 28/03,,,,B2,,,,,,,,,,,,,,,,,,,,,,,,,,,,,,,,,,,,,,,,,,,,,,
ISIS TORRES CARNEIRO,B1,2025-03-05,,,,,,,,Sem aula,,,,,,,,,,,,,,,,,,,,,,,,,,,,,,,,,,,,,,,,,,,,,,,,,,,,,
ISRAEL RISAN,,2026-02-02,,,,,,,,,,,,,,,,,,,,,,,,,,,,,,,,2026-07-18,,,B1,B1,2026-08-29,B1,B1,B1,,B1,2026-09-19,,,B1,B1,Próx. 29/10,,,,,,,,,,,,,
JACIANE PEDREIRA XAVIER,B2,2025-07-01,,31/01/2026 50,,,B2,14/03/2026 60,,Sem aula,,B2,Próx. 28/03,,B2,,B2,,,,,,,,,,,,,,,,,,,,,,,,,,,,,,,,,,,,,,,,,,,,,,
JAQUELINE SILVA DE SANTANA ,B2,,,2026-01-17,I1,,I1,,,Sem aula,,,,,,,,,,,,,,,,,,,,,,,,,,,,,,,,,,,,,,,,,,,,,,,,,,,,,
JEAN CARLO MOREIRA DE OLIVEIRA ,,2026-04-26,,,,,,,,,,,,,,,,,,,,,2026-05-09,,B1,,,,,,,,,,,,,,,,,,,,,,,,,,,,,,,,,,,,,,
JEAN PAULO BARRETO FONSECA ,,2026-07-11,,2026-01-24,,B1,B1,,,,,,,,,,,,,,,,,,,,,,,,,,,,,,,,,,,,,,,,,,,,,,,,,,,,,,,,
JESSICA TELES SOUZA,B2,2025-03-23,,2026-01-17,B2,,B1,,,Sem aula,,,,,,,,,,,,,,,,,,,,,,,,,,,,,,,,,,,,,,,,,,,,,,,,,,,,,
JOAB MAGALHÃES ,,2026-12-28,,,,,,,,,,,,,,,,,,,,,,,,,,,,,,,,,,,,,2026-08-01,I1,I1,I1,I1,I1,2026-09-05,I1,,I1,,Próx. 01/10,,,,,,,,,,,,,
JOÃO MARCELO ,B1,,,17/01/2026 dinheiro ,B2,B2,B2,,,Sem aula,,,2026-03-14,,B2,B2,B2,2026-04-18,B2,B2,B2,B2,,B2,B2,B2,B2,B2,,B2,B2,,B2,,B2,B2,B2,B2,,,B2,B2,B2,B2,,,,B2,,,,,,,,,,,,,,,
JOÃO MARCELO BATISTA DOS SANTOS ,I1,2024-07-14,,17/01/2026 dinheiro ,I1,I1,I1,,,Sem aula,,,2026-03-14,,I1,I1,I1,2026-04-18,I1,I1,I1,I1,,I1,I1,I1,I1,I1,,I2,I2,,I2,,I2,I2,I2,,,,I2,I2,,,,,,I2,,,,,,,,,,,,,,,
JOÃO PEDRO OLIVEIRA TRINDADE ,,2026-02-19,,,,,,,,,,,,,,,,,,,,,2026-05-30,,,,,B1,2026-07-25,B1,B1,,B1,2026-08-15,B1,B1,B1,B1,2026-09-19,B1,B1,B1,B2,B2,Próx. 30/10,B2,,B2,B2,,,,,,,,,,,,,,
JARLON ALMEIDA DOS REIS,,2026-06-09,,,,,,,,,,,,,,,,,,,,,,,,,,,,,,,,,,,,,2026-08-01,B1,B1,B2,B2,B2,2026-09-05,B2,,B2,,Próx. 01/10,,,,,,,,,,,,,
JOELMA SILVA LIMA,,,,,,,,,,,,,,,,,,,,,,,,,,,,,,,,,,,,,,,2026-08-08,,,,,,Próx. 15/09,,,,,,,,,,,,,,,,,,
JOHNSON MAGALHÃES,,2026-03-14,,2026-01-20,B2,B2,B2,02/03/2026 60,,,,B2,2026-03-28,B2,B2,B2,B2,2026-05-02,B2,B2,B2,B2,2026-06-02,B2,B2,B2,B2,B2,2026-07-01,,B2,,B2,2026-08-01,B2,B2,B2,B2,2026-09-01,,B2,B2,B2,B2,Próx. 28/09,B2,,B2,B2,,,,,,,,,,,,,,
JOHNSON MAGALHÃES,I1,,,2026-01-20,I1,I1,I1,02/03/2026 60,,Sem aula,,I1,2026-03-28,I1,I1,I1,I1,2026-05-02,I1,I1,I1,I1,2026-06-02,I1,I1,I1,I1,I1,2026-07-01,,I1,,I1,2026-08-01,I1,I1,I1,I1,2026-09-01,,I1,I1,I1,I1,Próx. 28/09,I1,,I1,I1,,,,,,,,,,,,,,
JOSÉ DANIEL DA SILVA MOTA,,2026-01-28,,,,,,,,,,,,,,,,,,,,,,,,,,,,,,,,2026-07-25,,,,B1,2026-08-15,B1,,B1,B1,B1,2026-09-26,B1,,B1,B1,Próx. 15/10,,,,,,,,,,,,,
JOSÉ VICTOR ARAÚJO SANTOS FIUZA DE ALMEIDA ,,2026-01-18,,2026-01-31,,,B2,,,,,,,,,,,,,,,,,,,,,,,,,,,,,,,,,,,,,,,,,,,,,,,,,,,,,,,,
JOSIRENE RODRIGUES LIMA DE SEIXAS ,B2,2024-12-06,,17/01/2026 dinheiro ,B2,B2,B2,21/02/2026 dinheiro ,,Sem aula,B2,B2,21/03/2026 dinheiro ,B2,B2,B2,B2,25/04/2026 dinheiro ,B2,B2,B2,B2,23/05/2026 dinheiro ,B2,B2,B2,B2,B2,,B2,B2,,,11/07/2026 dinheiro ,,B2,B2,B2,15/08/2026 dinheiro ,B2,B2,B2,B2,B2,19/09/2026 dinheiro ,B2,,B2,B2,Próx. 19/10,,,,,,,,,,,,,
JULIA MAIA CARDOSO PASSOS,,2026-08-17,,,,,,,,,,,,,,,,,,,,,2026-05-02,B1,B1,B1,,B1,2026-06-27,,,,B1,,B1,,,B2,,,,,,,,,,,,,,,,,,,,,,,,,
JULIANA CAVALCANTI SOUZA,,2026-04-10,,,,,,,,,,,,,,,,,,,,,2026-05-09,,I1,I1,I1,,2026-06-13,I1,I1,,,2026-07-18,I1,I1,I1,I1,2026-08-15,I1,I1,I1,I1,I1,2026-09-19,I1,,I1,I1,Próx. 19/10,,,,,,,,,,,,,
JULIANA OLIVEIRA DE CARVALHO ,B1,2025-12-05,,,,,,,,Sem aula,,,,,,,,,,,,,,,,,,,,,,,,,,,,,,,,,,,,,,,,,,,,,,,,,,,,,
JULIO HENDRIQUE PEREIRA FERREIRA ,,2026-02-01,,,,,,28/02/2026 dinheiro ,,,,B1,28/03/2026 60,B1,B1,,B1,,B1,B2,,,16/05/2026 60,,B1,B1,,,06/06/2026 90,B1,B1,,B1,,,,,,,,,,,,,,,,,,,,,,,,,,,,,,
JUSCILENE GUIDA,,,,,,,,,,,,,,,,,,,,,,,,,,,,,2026-06-06,B2,B2,,,,,,,,,,,,,,,,,,,,,,,,,,,,,,,,
KAIO WALAME NASCIMENTO SANTANA ,B1,2025-10-31,,,,,,,,Sem aula,,,,,,,,2026-04-25,,,,B1,,B1,B1,B1,B1,,,,,,,2026-07-11,,B1,B2,B2,2026-08-15,B2,B2,B2,B2,B2,2026-09-26,B2,,,B2,Próx. 26/10,,,,,,,,,,,,,
KATIA ANDRADE ,,,,,,,,,,,,,,,,,,,,,,,2026-05-09,,I1,I1,,,,,,,,,,,,,,,,,,,,,,,,,,,,,,,,,,,,,
KELLY CRISTINA NASCIMENTO SILVA DE JESUS ,B1,2025-07-28,,,,,,,,Sem aula,,,,,,,,,,,,,,,,,,,,,,,,,,,,,,,,,,,,,,,,,,,,,,,,,,,,,
LAIS CARNEIRO DE OLIVEIRA CRUZ ,,2026-09-04,,,,,,,,,,,,,,,,,,,,,,,,,,,,,,,,2026-07-25,,,,B1,2026-08-29,B1,,,,B1,2026-09-26,B1,,B1,B1,Próx. 29/10,,,,,,,,,,,,,
LAIZA MUNIZ DE SANTANA SANTOS ,B2,2025-11-02,,,,,,2026-02-28,,Sem aula,,I1,,I1,I1,I1,,2026-04-11,,I1,I1,,2026-05-09,,I1,,I1,,2026-06-13,,I1,,I1,,I1,,,,2026-08-01,I1,I1,,,,Próx. 01/09,,,,,,,,,,,,,,,,,,
LARISSA CASAES BISPO ,B2,2025-11-21,,17/01/2026 dinheiro ,I1,I1,I1,,,Sem aula,,,2026-03-07,I1,I1,,,,,,,,,,,,,,,,,,,,,,,,,,,,,,,,,,,,,,,,,,,,,,,,
LARISSA MEDEIROS DE FARIAS,B2,2025-03-21,,2026-01-17,B2,B2,B2,2026-02-28,,Sem aula,,B2,,B2,B2,,,2026-04-04,B2,B2,B2,B2,2026-05-09,B2,B2,I1,I1,I1,2026-06-27,I1,,,I1,2026-08-01,I1,I1,I1,I1,2026-08-29,I1,,I1,,I1,2026-09-26,I1,,I1,I1,Próx. 19/10,,,,,,,,,,,,,
LAURA CAVALCANTI RELLSTAB,B2,2025-06-22,,2026-01-17,B2,B2,B2,2026-02-28,,Sem aula,B2,B2,,B2,B2,,,,,B2,,,2026-05-23,,,,B2,B2,,B2,,,,,,,,,2026-08-22,,,,B2,B2,2026-09-26,,,B2,B2,Próx. 22/10,,,,,,,,,,,,,
LAZARO TOMAZ MUNIZ,I1,2024-08-22,,17/01/2026 dinheiro ,I1,I1,I1,21/02/2026 dinheiro ,,Sem aula,I1,I1,28/03/2026 dinheiro ,I1,I1,I1,I1,25/04/2020 dinheiro 65,I1,I1,I1,I1,23/05/2026 dinheiro ,I1,,I1,I1,I1,27/06/2026 dinheiro ,,I1,,I1,01/08/2026 dinheiro ,I1,I1,I1,I1,05/09/2026 dinheiro ,,I1,I1,I1,I1,Próx. 27/09,I1,,I1,I1,,,,,,,,,,,,,,
LEANDRO COELHO COELHO,,2026-03-24,,,,,,,,,,,,,,,,,,,,,2026-05-09,,B2,,B2,B2,2026-06-27,B2,,,B2,Próx. 27/07,B2,,B2,B2,2026-08-29,B2,B2,B2,,B2,Próx. 29/09,B2,,B2,,,,,,,,,,,,,,,
LENITA MARIA DE CARVALHO DE SOUZA ,,2026-05-13,,,,,,,,,,,,,,,,,,,,,09/05/2026 dinheiro ,,B1,,B1,,13/06/2026 dinheiro ,,B1,,,2026-08-01,,B1,B1,,15/08/2026 dinheiro ,B1,,B1,,,Próx. 27/09,,,,,,,,,,,,,,,,,,
LEONARDO DE AMORIM LEITE,,,,,,,,,,,,,,,,,,,,,,,2026-05-09,,B1,B1,B1,,,,,,,,,,,,,,,,,,,,,,,,,,,,,,,,,,,,
LILIAN PEREIRA DE LIMA,,,,2026-01-24,B1,B1,B1,,,,,,,,,,,,,,,,,,,,,,,,,,,,,,,,,,,,,,,,,,,,,,,,,,,,,,,,
LUCA ALMEIDA LIMA,,2026-01-27,,,,,,,,,,,,,,,,,,,,,,,,,,,,,,,,2026-07-11,,B1,B1,B1,29/08/2026 dinheiro ,,,,,B1,Próx. 29/09,B1,,B1,,,,,,,,,,,,,,,
LUCAS DE CARVALHO DE SOUZA ,,2026-06-05,,,,,,,,,,,,,,,,,,,,,2026-05-02,B1,,B1,B1,B1,2026-06-13,,B1,,,2026-07-04,B1,B1,B2,B2,2026-08-15,B2,B2,B2,B2,B2,2026-09-26,,,B2,B2,Próx. 19/10,,,,,,,,,,,,,
LUCAS LOPES LIMA,,2026-12-18,,2026-01-24,,B1,B1,,,,,,2026-03-07,B1,B1,B1,B1,2026-04-04,B1,B1,B1,,,,,,,,,,,,,,,,,,,,,,,,,,,,,,,,,,,,,,,,,,
LUCIANA BAHIA DE OLIVEIRA ,,2026-04-10,,,,,,2026-02-21,,,B1,B1,2026-03-21,,B1,B1,B1,2025-04-25,B1,B2,B2,B2,2026-05-23,B2,B2,B2,B2,B2,2026-06-27,B2,B2,,B2,2026-08-01,B2,B2,B2,B2,2026-08-29,B2,B2,B2,B2,B2,Próx. 27/09,B2,,B2,B2,,,,,,,,,,,,,,
LUCIANA GOMES TRAVASSOS,B2,2025-11-17,,,,,,,,Sem aula,,,2026-03-07,B2,B2,,B2,,,,,,,,,,,,,,,,,,,,,,,,,,,,,,,,,,,,,,,,,,,,,,
LUCIANA MENDES,,,,,,,,2026-02-21,,,,,2026-02-21,,,,,,,,,,,,,,,,,,,,,,,,,,,,,,,,,,,,,,,,,,,,,,,,,,
LUCIANO QUEIROZ DOS SANTOS ,,2026-07-21,,,,,,2026-02-21,,,B2,B2,2026-03-28,B2,,B2,B2,23/05/2026 65,,,B2,B2,2026-05-23,B2,,,B2,,,B2,,,,18/07/2026 dinheiro ,,,B2,B2,PRÓX. 18/08,,B2,B2,,B2,,,,,,,,,,,,,,,,,,,
LUISA VITÓRIA DOS SANTOS SOUZA,,2026-12-31,,,,,,,,,,,2026-03-21,,,B1,B1,,,B1,,,2026-05-16,,,B1,B2,,2026-06-27,,,,B2,,,B2,B2,,,,,,,,,,,,,,,,,,,,,,,,,,
LUIS FILIPE RIBEIRO SANTOS,,2026-12-26,,,,,,,,,,,,,,,,,,,,,,,,,,,2026-06-27,,,,B1,19/09/2026 cartão ,,B1,B1,B1,19/09/2026 cartão ,B1,B1,,B1,B1,Próx. 27/09,B1,,B1,B1,,,,,,,,,,,,,,
LUIS HENRIQUE PITANGUEIRAS DE SANTANA ,B2,2025-07-15,,2026-01-17,B2,,,2026-02-21,,Sem aula,B2,B2,2026-03-21,B2,B2,B2,B2,2026-04-25,B2,B2,,B2,2026-05-30,B2,B2,B2,B2,B2,2026-06-27,B2,,,B2,2026-08-01,B2,B2,B2,B2,2026-09-05,B2,B2,,B2,B2,Próx. 27/09,B2,,B2,,,,,,,,,,,,,,,
LUIZA PESSOA DO NASCIMENTO ANDRADE ,,2026-07-05,,,,,,,,,,,,,,,,,,,,,2026-05-09,,B1,B1,B1,B1,2026-06-13,B1,B1,,B1,2026-07-11,B1,B2,B2,B2,2026-08-08,B2,B2,B2,,B2,2026-09-19,B2,,B2,B2,Próx. 19/10,,,,,,,,,,,,,
LUIZA SALINAS DE OLIVEIRA ,,2026-08-24,983887927,,,,,,,,,,,,,,,,,,,,,,,,,,,,,,,Próx. 04/07,I1,,,,,,,,,,,,,,,,,,,,,,,,,,,,
LUIZ HENRIQUE RIBEIRO FERNANDES ALVES,I1,2025-07-12,,,,,,,,Sem aula,,,,,,,,,,,,,,,,,,,,,,,,,,,,,,,,,,,,,,,,,,,,,,,,,,,,,
LUIZA SALINAS DE OLIVEIRA ,B1,,,,,,,,,Sem aula,,,,,,,,,,,,,,,,,,,,,,,,,,,,,,,,,,,,,,,,,,,,,,,,,,,,,
MAGDA OLIVEIRA SEIXAS ,,2026-03-05,,24/01/2026?,,B1,,,,,,,2026-03-07,B1,B1,B1,B1,,B1,,,,2026-05-09,,B1,B2,B2,,2026-06-13,B2,B2,,B2,2026-07-11,B2,B2,B2,B2,2026-08-08,B2,B2,B2,B2,,2026-09-19,B2,,B2,,Próx. 19/10,,,,,,,,,,,,,
MAGNO BATISTA PORTO DE AZEVEDO ,B2,2025-01-07,,,,,,,,Sem aula,,,,,,,,,,,,,,,,,,,,,,,,,,,,,2026-08-08,,B2,B2,B2,B2,2026-09-19,B2,,B2,B2,Próx. 19/10,,,,,,,,,,,,,
MAGNÓLIA LOURENÇO,,2026-09-29,,,,,,,,,,,,,,,,,,,,,,,,,,,,,,,,,,,,,,,,,,,,,,,,,,,,,,,,,,,,,
MAISE MENDONÇA AMORIM,I1,2025-05-07,,,,,,,,Sem aula,,,,,,,,,,,,,,,,,,,,,,,,,,,,,,,,,,,,,,,,,,,,,,,,,,,,,
MARA NAZARÉ SOUTO GOUVEIA,,2026-01-16,,2026-01-24,B1,B1,,,,,,,2026-03-11,B1,,,,,,,,,2026-05-09,B1,B1,B1,,,,,,,,2026-07-24,,B1,,B1,,,,,,,,,,,,,,,,,,,,,,,,,
MARIA CLARA DE SOUZA SANTOS ,,2026-04-27,,,,,,,,,,,,,,,,,,,,,,,,,,,,,,,,2026-07-18,,,B1,,2026-08-29,B1,B1,B1,,B1,Próx. 29/09,B1,,B1,,,,,,,,,,,,,,,
MARIA CLARA RAMOS COSTA,,2026-08-21,,2026-01-24,,B2,,14/03/2026 60,,,,I1,2026-03-28,,I1,I1,I1,,,,,,2026-05-04,I1,I1,I1,,,2026-06-13,,I1,,,,,,,,,,,,,,,,,,,,,,,,,,,,,,,,
MARIA ELISA LEMOS,,2026-04-24,,2026-01-24,,B1,B1,2026-02-28,,,B2,B2,,,B1,B1,,2026-04-11,,B2,B2,B2,2026-05-30,,B2,B2,B2,B2,,B2,,,B2,2026-07-11,B2,B2,B2,B2,2026-08-15,B2,B2,B2,B2,B2,2026-09-26,B2,,,B2,Próx. 04/10,,,,,,,,,,,,,
MARIA JOSÉ BAHIA,,2026-10-10,,,,,,2026-02-21,,,B1,B1,2026-03-21,,B1,B1,B1,25/04/2025 dinheiro ,,B1,B1,B1,2026-05-23,B1,B1,B1,B1,B1,2026-06-27,B1,B1,,B1,,B1,B1,B1,B1,08/08/2026 dinheiro ,,B1,B1,,B1,19/09/2026 dinheiro ,,,B1,,Próx. 19/10,,,,,,,,,,,,,
MARIANA DOS SANTOS ANJOS,,2026-04-27,77998365129,,,,,,,,,,,,,,,,,,,,,,,,,,,,,,,18/07/2026 dinheiro ,,,B1,,,,B1,,,,,,,,,,,,,,,,,,,,,,
MARIANA PASSOS SOUSA,,2026-10-10,,,,,,,,,,,,,,,,,,,,,,,,,,,,,,,,2026-07-18,,,B1,B1,2026-08-29,B1,B1,B1,,B1,2026-09-19,B1,,B1,B1,Próx. 29/10,,,,,,,,,,,,,
MARJORIE AYESKA VIEIRA ALVES,,2026-08-19,,,,,,,,,,,,,,,,2026-04-04,B1,B1,B1,B1,2026-05-09,B1,B1,B1,B1,B1,2026-05-30,B1,B1,,B1,2026-07-04,B1,B2,,B2,2026-08-08,B2,B2,B2,B2,,Próx. 04/09,B2,,B2,B2,,,,,,,,,,,,,,
MATHEUS EDUARDO PINTO MARTINS ,,2026-04-06,,,,,,,,,,,,,,,,,,,,,,,,,,,,,,,,,,,,,2026-08-01,B1,B1,B1,,B1,2026-09-05,B1,,B1,B1,Próx. 01/10,,,,,,,,,,,,,
MICHELE CARVALHO RODRIGUES ,,2026-11-21,,2026-01-27,,B1,B1,02/03/2026 60,,,,B1,2026-03-28,B1,B1,B1,,2026-05-02,B1,,B1,B1,2026-06-02,B1,B1,B1,B2,,2026-07-01,B2,B2,,B2,2026-08-01,B2,B2,B2,B2,2026-09-01,,,B2,,,Próx. 28/09,,,B2,B2,,,,,,,,,,,,,,
MILTON CAMPOS R DE SOUZA,,2026-06-22,,,,,,,,,,,,,,,,,,,,,2026-05-07,,B2,B2,B2,B2,2026-06-05,B2,B2,,B2,2026-07-22,B2,,,B2,P,B2,B2,,,,,,,,,,,,,,,,,,,,,,
MIRIAN SALINAS,B1,2025-03-11,,,,,,,,Sem aula,,,,,,,,,,,,,,,,,,,,,,,,,,,,,,,,,,,,,,,,,,,,,,,,,,,,,
MARIVALDO TAVARES,,2026-01-03,,2026-01-17,I1,I1,I1,2026-02-28,,,,I1,2026-03-28,I1,I1,I1,I1,2026-05-02,I1,I1,I1,I1,,I1,,,,,,,,,,,,,,,,,,,,,,,,,,,,,,,,,,,,,,,
MOISES SILVA MENDES,,2026-01-02,,,,,,,,,,,,,,,,2026-04-25,,,,B1,2026-05-23,,B1,B1,B1,,2026-06-27,,B1,,B1,,B1,B2,B2,,2026-08-08,,B2,B2,B2,B2,2026-09-19,,,B2,B2,Próx.19/10,,,,,,,,,,,,,
MONICA CRISTINA SABACK,,2026-11-01,,,,,,,,,,,,,,,,18/04/2026 dinheiro ,,,B1,B1,2026-05-16,B1,,B1,B1,,,,,,,,,,,,,,,,,,,,,,,,,,,,,,,,,,,,
MONICA DANTAS,,2026-03-15,,,,,,,,,,,,,,,,,,,,,,,,,,,2026-06-06,B1,B1,,B1,2026-07-11,B1,B2,B2,,2026-08-15,,,B2,B2,,Próx. 15/09,B2,,,,,,,,,,,,,,,,,
MONICA DOS SANTOS ,B2,2025-09-10,71987303514,2026-01-17,B2,B2,B2,2026-02-20,,Sem aula,B2,B2,2026-03-20,B2,,B2,B2,2026-04-20,B2,B2,B2,B2,2026-05-27,B2,B2,I1,I1,I1,,I1,,,,2026-07-04,I1,I1,I1,I1,2026-08-15,I1,,I1,I1,,2026-09-19,I1,,I1,I1,Próx. 19/10,,,,,,,,,,,,,
MONIQUE MEIRELES,,2026-08-04,,,,,,,,,,,,,,,,2026-04-11,,B1,,,2026-05-16,,B1,B1,B1,,,,B1,,,11/07/2026 dinheiro ,,B1,B1,,2026-08-15,,B2,B2,B2,,Próx. 11/09,B2,,,,,,,,,,,,,,,,,
MURILO CALDAS PEREIRA DE QUEIROZ ,,2026-05-16,,,,,,,,,,,,,,,,,,,,,,,,,,,,,,,,2026-07-04,I1,I1,,,2026-08-08,I1,I1,,I1,,2026-09-19,,,I1,I1,Próx. 19/10,,,,,,,,,,,,,
NAIRA DA GRAÇA SOUZA,B2,2025-12-24,,,,,,2026-02-28,,Sem aula,,B2,2026-03-28,B2,B2,,B2,2026-05-09,,B2,B2,B2,Próx. 30/05,B2,B2,B2,,B2,,,,,,2026-07-04,B2,,B2,B2,2026-08-01,B2,,B2,B2,,2026-09-19,,,B2,B2,Próx. 19/10,,,,,,,,,,,,,
NATALIA MATOS DE SOUZA NEVES,,2026-05-24,,,,,,,,,,,,,,,,2026-04-18,,,B1,B1,2026-04-18,,,B1,,,Próx. 27/06,,,,,,,,,,,,,,,,,,,,,,,,,,,,,,,,,,
NATALIA OLIVEIRA BARBOSA ,,2026-12-28,,,,,,2026-02-28,,,,B1,,B1,,,,,,,,,,,,,,,,,,,,,,,,,,,,,,,,,,,,,,,,,,,,,,,,,
NATHALIE NASCIMENTO LINO,,2026-05-28,,,,,,,,,,,,,,,,2026-04-18,,,B1,,,,,,,,,,,,,,,,,,,,,,,,,,,,,,,,,,,,,,,,,,
NILTON CÉSAR ,,2026-11-15,,,,,,,,,,,,,,,,2026-04-04,B2,B2,B2,B2,2026-05-02,B2,,B2,B2,B2,2026-06-06,B2,,,,2026-07-11,,B2,B2,,2026-08-08,B2,B2,B2,B2,,Próx. 11/09,,,,,,,,,,,,,,,,,,
NILZA MUNIZ,I1,2024-06-16,,17/01/2026 dinheiro ,I1,I1,I1,21/02/2026 dinheiro  15,,Sem aula,I1,I1,28/03/2026 dinheiro ,I1,I1,,I1,25/04/2026 dinheiro ,I1,I1,I1,I1,23/05/2026 dinheiro ,,,I1,I1,I1,27/06/2026 dinheiro ,,I1,,I1,01/08/2026 dinheiro ,I1,I1,I1,I1,05/09/2026 dinheiro ,,I1,I1,I1,I1,Próx. 28/09,I1,,I1,I1,,,,,,,,,,,,,,
OLIVIA SANTOS CERQUEIRA ,B2,2025-05-21,,2025-01-17,B2,B2,B2,2026-02-28,,Sem aula,,B2,,B2,B2,,,2026-04-11,,B2,B2,B2,2026-05-16,B2,B2,I1,I1,,,I1,,,I1,2026-07-04,I1,I1,I1,I1,2026-08-01,I1,,,I1,I1,2026-09-26,I1,,,I1,Próx. 04/10,,,,,,,,,,,,,
PALOMA CRISTINA DORIA COSTA BESSA,,2026-01-28,,2026-01-17,B1,B1,B2,2026-02-21,,,B2,,2026-03-21,,B2,B2,B2,,,B2,,,2026-05-23,,,,B2,,,B2,,,,,,,,,,,,,,,,,,,,,,,,,,,,,,,,,
PAULA DE FÁTIMA DIAS,,2026-05-13,,2026-01-31,,,B1,,,,I1,,2026-03-14,,I1,I1,I1,,I1,I1,,,2026-05-02,I1,I1,I1,I1,I2,2026-06-06,I2,I2,,,,,,,,,,,,,,,,,,,,,,,,,,,,,,,,
PAULO TELES SERRA AZUL,,2026-05-14,,,,,,,,,,,2026-03-28,,,,B1,,,B1,B1,,,,,,,,,,,,,,,,,,,,,,,,,,,,,,,,,,,,,,,,,,
PEDRO ARIEL DE SANTANA OLIVEIRA ,B2,2025-10-31,,2026-01-24,,B2,,,,Sem aula,,,,,,,,,,,,,,,,,,,,,,,,,,,,,,,,,,,,,,,,,,,,,,,,,,,,,
PEDRO BRITO ALVES,B1,2025-11-12,,,,,,,,Sem aula,,,,,,,,,,,,,,,,,,,,,,,,,,,,,,,,,,,,,,,,,,,,,,,,,,,,,
PEDRO DAVI MATOS PEREIRA ,,2026-10-07,,,,,,,,,,,,,,,,,,,,,2026-05-09,,B1,B1,B1,,2026-06-13,,B2,,,2026-07-25,B2,,,B2,2026-08-29,B2,B2,,,B2,Próx. 29/09,B2,,B2,,,,,,,,,,,,,,,
PEDRO HENRIQUE PEREIRA QUAGLIO,B1,2025-10-03,,,,,,,,Sem aula,,,,,,,,,,,,,,,,,,,,,,,,,,,,,,,,,,,,,,,,,,,,,,,,,,,,,
PEDRO MARCELO REIS DOS SANTOS ,,2026-08-18,,,,,,,,,,,,,,,,,,,,,,,,,,,,,,,,,,,,,2026-08-15,,,B1,,,,,,,,,,,,,,,,,,,,,
RAFAELA FERNANDES PEDREIRA ALCANTARA,,2026-03-26,,,,,,,,,,,,,,,,2026-04-18,,,B1,,2026-05-30,B1,,,,B1,,B1,B1,,,,,,,,,,,,,,,,,,,,,,,,,,,,,,,,
RAFHAEL DANTAS BARBOSA ,,2026-04-18,,,,,,,,,,,,,,,,,,,,,2026-05-23,,,,I1,,,,I1,,,,,,,,,,,,,,,,,,,,,,,,,,,,,,,,
RAFAEL SACRAMENTO GRILO,B1,,,2026-01-17,B1,B1,B1,2026-02-21,,Sem aula,B1,B1,21/03/2026 dinheiro ,B1,,B1,B1,2026-04-25,B1,B2,B2,B2,2026-05-23,B2,B2,B2,B2,B2,2026-06-27,B2,B2,,B2,2026-07-04,B2,B2,B2,B2,2026-08-08,B2,B2,B2,B2,B2,2026-09-29,B2,,B2,B2,Próx. 27/08,,,,,,,,,,,,,
RAISSA CONEGUNDES,,,,,,,,,,,,,,,,,,2026-04-12,,I2,,I1,Próx. 11/05,,,,,,,,,,,,,,,,,,,,,,,,,,,,,,,,,,,,,,,,
RAQUEL ALVES CAMPOS,,2026-04-29,,,,,,,,,,,,,,,,,,,,,,,,,,,2026-06-27,,,,B1,19/09/2026 cartão ,B1,B1,B1,B1,19/09/2026 cartão ,B1,B1,,B1,B1,Próx. 27/09,B1,,B1,B1,,,,,,,,,,,,,,
RENATA COSTA DO VAL,,2026-03-01,,2026-01-17,B1,B1,B1,2026-02-21,,,B1,,2026-03-21,,B1,B1,B1,2026-04-18,B1,,B1,,2026-05-16,B2,,B2,B2,B2,2026-06-27,B2,B2,,B2,,B2,B2,B2,,2026-08-01,B2,B2,B2,B2,B2,2026-09-05,B2,,,B2,Próx. 01/10,,,,,,,,,,,,,
RITA CRISTINA RIBEIRO ,,2026-05-26,,,,,,,,,,,,,,,,,,,,,,,,,,,2026-06-27,,,,B1,,B1,B1,B1,,2026-08-01,B1,B1,B1,B1,,2026-09-05,B1,,B1,B1,Próx. 01/10,,,,,,,,,,,,,
ROBERIO SOUZA MACEDO,,2026-11-30,,17/01/2026 dinheiro ,B2,B2,B2,28/02/2026 dinheiro ,,,,B2,,B2,B2,,,,,,,,,,,,,,,,,,,,,,,,,,,,,,,,,,,,,,,,,,,,,,,,
ROBERTA COSTA DO VAL,,2026-08-18,,2026-01-17,B1,B1,B1,2026-02-21,,,B1,,2026-03-21,,B1,B1,B1,2026-04-18,B1,,B1,,2026-05-16,B2,,B2,B2,B2,2026-06-27,B2,B2,,B2,,B2,,B2,,2026-08-01,B2,B2,B2,B2,B2,2026-09-05,B2,,,B2,Próx. 01/10,,,,,,,,,,,,,
RODRIGO SANTOS DE ARAÚJO ,,2026-06-29,,,,,,,,,,,,,,,,2026-04-18,,,B1,B1,,B1,,B1,,,,,,,,,,,,,,,,,,,,,,,,,,,,,,,,,,,,,
ROZELIA LUIZA,B1,2024-04-16,,,,,,,,Sem aula,,,2026-03-28,,,,I2,,,I2,,,,,,,,,,,,,,,,,,,,,,,,,,,,,,,,,,,,,,,,,,,
SARA MASCARENHAS DE OLIVEIRA SANTOS ,,2026-06-11,,,,,,,,,,,,,,,,2026-04-18,,,B1,B1,2026-05-23,B1,B1,,B1,B1,,,,,,,,,,,,,,,,,,,,,,,,,,,,,,,,,,,
SHIRLEY SANTA RITA,,2026-10-30,,,,,,,,,,,,,,,,11/04/2026 dinheiro ,,B2,B2,B2,2026-05-16,B2,B2,B2,B2,,,,,,,,,,,,22/08/2026 dinheiro ,,,,B2,B2,Próx. 22/09,B2,,,,,,,,,,,,,,,,,
SILVIO ARMANDO NETO,B2,2025-01-10,,2026-01-31,,,B2,14/03/2026 60,,Sem aula,B2,B2,Próx. 28/03,,B2,,B2,,,,,,,,,,,,,,,,,,,,,,,,,,,,,,,,,,,,,,,,,,,,,,
SINDARA IVI MORAES FONSECA ,,2026-07-15,,,,,,2023-02-21,,,B1,B1,2026-03-28,B1,,,B1,,B1,,,,,,,,,,,,,,,,,,,,,,,,,,,,,,,,,,,,,,,,,,,,
SOBERANO ,,,,,,,,,,,,,,,,,,2026-04-18,,B2,B2,B2,2026-05-23,B2,B2,B2,B2,B2,2026-06-27,,B2,,B2,,B2,B2,B2,,2026-08-22,,,I1,I1,,Próx. 15/09,,,,,,,,,,,,,,,,,,
SOBERANO AMORIM FERRAZ ,B2,,,2026-01-17,B2,B2,B2,2026-02-21,,Sem aula,B2,,2026-03-14,B2,B2,B2,B2,2026-04-18,,I1,I1,I1,2026-05-23,I1,I1,I1,I1,,2026-06-27,,I1,,I1,2026-07-25,I1,I1,I1,I1,Próx. 27/08,I1,,,I1,I1,2026-09-26,I1,,I1,I1,Próx. 27/10,,,,,,,,,,,,,
SUILAN SANTANA ,,2026-07-21,,,,,,,,,,,,,,,,,,,,,2026-05-16,,,B1,B1,B1,,B1,B1,,,2026-07-11,,B1,,,2026-08-15,B1,B2,B2,B2,B2,PRÓX. 11/09,,,,,,,,,,,,,,,,,,
SUSAN NEIDE SANTOS SILVA,,2026-07-02,,,,,,,,,,,2026-03-07,B1,B1,B1,B2,2026-04-04,B1,B1,B1,B1,2026-05-09,B1,,B1,B1,B1,2026-06-13,B2,B2,,,2026-07-18,B2,B2,B2,B2,2026-08-15,B2,B2,B2,B2,B2,2026-09-17,B2,,B2,B2,Próx. 19/10,,,,,,,,,,,,,
TAIANA BONFIM TARANTINO,I2,2025-05-20,,,,,,,,Sem aula,,,,,,,,,,,,,2026-05-02,B1,B1,,B1,B1,,,,,,,,,,,,,,,,,,,,,,,,,,,,,,,,,,,
THIAGO ANASTÁCIO DA SILVA,B2,2025-09-14,,2026-01-17,I1,I1,I1,,,Sem aula,,,2026-03-28,,,,I1,,I1,I1,I1,,2026-05-09,,I1,I1,I1,I1,,,,,,,,,,,,,,,,,,,,,,,,,,,,,,,,,,,
TIAGO ALMEIDA DA CRUZ,,2026-07-29,,,,,,,,,,,,,,,,,,,,,2026-05-09,,B1,B1,B2,,,B1,,,,,,,,,,,,,,,,,,,,,,,,,,,,,,,,,
TIAGO ANDRADE LETA,B1,2025-05-05,,,,,,,,Sem aula,,,,,,,,,,,,,,,,,,,,,,,,,,,,,,,,,,,,,,,,,,,,,,,,,,,,,
UBERLAN PEREIRA ,I1,2023-08-30,,,,,,2026-02-21,,Sem aula,I2,I2,,I2,I2,,,,,,,,,,,,,,,,,,,,,,,,,,,,,,,,,,,,,,,,,,,,,,,,
VANESSA ALVES DOS SANTOS ,B2,2025-04-29,,,,,,,,Sem aula,,,,,,,,2026-04-25,,,B2,B2,2026-06-06,B2,B2,B2,,B2,,B2,,,,2026-07-11,B2,B2,,,2026-08-15,,B2,B2,,,Próx. 08/09,,,,,,,,,,,,,,,,,,
VERONICA BARBOSA DA SILVA,B2,2025-05-19,,17/01/2026 dinheiro ,B2,B2,B2,21/02/2026 dinheiro ,,Sem aula,B2,B2,21/03/2026 dinheiro ,B2,B2,B2,B2,18/04/2026 dinheiro ,B2,B2,B2,B2,23/05/2026 dinheiro ,B2,B2,B2,B2,B2,,B2,,,,04/07/2026 dinheiro ,b2,b2,b2,b2,08/08/2026 dinheiro ,b2,b2,b2,b2,b2,Próx. 04/09,B2,,,,,,,,,,,,,,,,,
VERONICA DOS SANTOS RIBEIRO ,,2026-02-06,,,,,,,,,,,,,,,,,,,,,2026-05-09,,B1,B1,B2,,,B2,,,,,,,,,,,,,,,,,,,,,,,,,,,,,,,,,
VICTORIA MARIA,,2026-10-22,,,,,,,,,,,,,,,,,,,,,,,,,,,,,,,,,,,,,,,,,,,2026-09-19,,,I1,,Próx. 19/10,,,,,,,,,,,,,
VINICIUS MACIEL NEGRÃO BENEDITTI,B2,2025-04-14,,2026-01-31,B2,,B2,21/03/2026 60,,Sem aula,B2,B2,2026-03-21,,,B2,B2,2026-05-02,B2,,B2,B2,,B2,,B1,,,,,,,,,,,,,,,,,,,,,,,,,,,,,,,,,,,,,
ZENILDA MOTA DE JESUS MIRANDA ,,2026-07-07,,,,,,,,,,,2026-03-21,,,B1,B1,2026-04-25,,B1,B1,B1,2026-05-23,B1,B1,B1,B1,B1,2026-06-27,B1,B1,,B1,,b1,b2,b2,b2,08/08/2026 dinheiro ,,b2,b2,b2,,Próx. 08/09,B2,,,,,,,,,,,,,,,,,
ZORAYA BARBOSA DA COSTA,,,,,,,,2026-02-28,,,,B1,28/03/2026 dinheiro ,B1,B1,B1,B1,2026-05-02,B1,B2,,B2,2026-05-30,B2,B2,B2,B2,B2,,B2,B2,,,2026-07-18,,,B2,B2,2026-08-29,B2,B2,,,b2,Próx. 18/09,,,B1,,,,,,,,,,,,,,,
WENDERSON NASCIMENTO ,B1,2025-07-23,,,,,,,,Sem aula,,,,,,,,,,,,,,,,,,,,,,,,,,,,,,,,,,,,,,,,,,,,,,,,,,,,,
YAGO BARREIROS ARGOLLO ARAGÃO SAMPAIO ,B2,2025-05-31,,,,,,,,,,,,,,,,2026-04-25,,,,B2,,B2,,B2,B2,,,,,,,,,,,,,,,,,,,,,,,,,,,,,,,,,,,,
YAGO MATEUS DOS SANTOS DE CARVALHO ,,2026-02-04,,2026-01-17,B1,B1,B1,2026-02-21,,,B1,B1,2026-03-21,B1,B1,,B1,2026-04-25,B1,B1,,B1,2026-05-28,,B1,B1,B1,B1,2026-06-27,B1,,,B1,2026-07-25,B1,B1,B1,B1,2026-08-22,B1,B1,,B1,B1,2026-09-19,,,B1,B1,Próx. 28/10,,,,,,,,,,,,,
YANNA KAROLINA FIGUEIREDO DE SOUZA,,2026-09-15,,,,,,,,,,,2026-03-07,B2,,,,,,,,,,,,,,,,,,,,,,,,,,,,,,,,,,,,,,,,,,,,,,,,,
filha de Magda,,,,,,,,,,,,,,,,,,,,,,,2026-05-09,,B1,,,,2026-06-13,B1,,,,,,,,,2026-08-15,B1,,B1,,,Próx. 15/09,,,,,,,,,,,,,,,,,,
